,06L.SG,07K.F,0A6X.L,0A7W.L,0HL8.L,0I3G.L,0TD7.L,0U8N.L,1010.SR,1020.SR,17SA.F,29P.F,29P.MU,9IFA.F,ABQK.QA,AESGENER.SN,AGUAS-A.SN,AHCS.QA
2006-01-31,,,,,,,,,,,,,,,,,,
2006-02-28,,,,,,,,,,,,,,,,,0.0,
2006-03-31,,,,,,,,,,,,,,,,,0.032554721953596655,
2006-04-30,,,,,,,,,,,,,,,,,0.042159813104666766,
2006-05-31,,,,,,,,,,,,,,,,,-0.09090909674047387,
2006-06-30,,,,,,,,,,,,,,,,,0.019444639855708212,
2006-07-31,,,,,,,,,,,,,,,,,0.0027245357581822116,
2006-08-31,,,,,,,,,,,,,,,,,0.06521733128188556,
2006-09-30,,,,,,,,,,,,,,,,,0.01785719492838167,
2006-11-30,,,,,,,,,,,,,,,,,0.15979358529572485,
2006-12-31,,,,,,,,,,,,,,,,,0.06666676450951048,
2007-01-31,,,,,,,,,,,,,,,,,-0.06250008599467904,
2007-02-28,,,,,,,,,,,,,,,,,0.0044443606508295375,
2007-03-31,,,,,,,,,,,,,,,,,0.030973656723773946,
2007-04-30,,,,,,,,,,,,,,,,,0.008583528159966214,
2007-05-31,,,,,,,,,,,,,,,,,0.008442812934966959,
2007-06-30,,,,,,,,,,,,,,,,,0.019736691903029957,
2007-07-31,,,,,,,,,,,,,,,,,-0.010752642962577719,
2007-08-31,,,,,,,,,,,,,,,,,-0.017434454771911967,
2007-09-30,,,,,,,,,,,,,,,,,0.004469205113459385,
2007-11-30,,,,,,,,,,,,,,,,,-0.058749833171782395,
2007-12-31,,,,,,,,,,,,,,,,,-0.11466814493599431,
2008-01-31,,,,,,,,,,,,,,,,,0.03450102957759782,
2008-02-29,,,,,,,,,,,,,,,,,-0.010000264408498438,
2008-03-31,,,,,,,,,,,,,,,,,0.02020219720511718,
2008-04-30,,,,,,,,,,,,,,,,,0.1139109018734139,
2008-05-31,,,,,,,,,,,,,,,,,-0.01795207540696897,
2008-06-30,,,,,,,,,,,,,,,,,-0.06666660169411598,
2008-07-31,,,,,,,,,,,,,,,,,0.010203590313289546,
2008-08-31,,,,,,,,,,,,,,,,,-0.015151080111680648,
2008-09-30,,,,,,,,,,,,,,,,,-0.02564124990524841,
2008-11-30,,,,,,,,,,,,,,,,,0.0564974486174179,
2008-12-31,,,,,,,,,,,,,,,,,-0.07486652328069676,
2009-01-31,,,,,,,,,,,,,,,,,0.12716756549979302,
2009-02-28,,,,,,,,,,,,,,,,,-0.02051273921233676,
2009-03-31,,,,,,,,,,,,,,,,,0.0,
2009-04-30,,,,,,,,,,,,,,,,,0.0732982483359752,
2009-05-31,,,,,,,,,,,,,,,,,0.048780406361021544,
2009-06-30,,,,,,,,,,,,,,,,,0.05716863928996441,
2009-07-31,,,,,,,,,,,,,,,,,0.01860460416834453,
2009-08-31,,,,,,,,,,,,,,,,,-0.01826479488921473,
2009-09-30,,,,,,,,,,,,,,,,,0.036186003683420065,
2009-11-30,,,,,,,,,,,,,,,,,-0.01689784417357776,
2009-12-31,,,,,,,,,,,,,,,,,0.018957269992418757,
2010-01-31,,,,,,,,,,,,,,,,,0.04190697919521891,
2010-02-28,,,,,,,,,,,,,,,,,0.01334740532109624,
2010-03-31,,,,,,,,,,,,,,,-0.0009353611503655213,,0.03524260830113768,0.02173913807395822
2010-04-30,,,,,,,,,,-0.10649366515146119,,,,,0.08163235492451326,,0.01297900274871,-0.02447316068964389
2010-05-31,,,,,,,,,,-0.05813951204103074,,,,,-0.018867965249069973,,0.007338214519315489,-0.2025861917002787
2010-06-30,,,,,,,,,,0.03703733444739399,,,,,0.09615363191462079,,0.0,-0.04324306201339034
2010-07-31,,,,,,,,,,0.00892831373795211,,,,,-0.05263125187121209,,0.05111108165199685,-0.05649767858219723
2010-08-31,,,,,,,,,,-0.04129791658007642,,,,,-0.027777766389423975,,0.03805457482519259,0.11377296637203971
2010-09-30,,,,,,,,,,0.06461540636824159,,,,,0.10285676212728267,,-0.017515029532580773,0.07526887788583925
2010-11-30,,,,,,,,,,0.0,,,,,0.0031255145579840438,,0.020968637597966744,0.05392131476226769
2010-12-31,,,,,,,,,,0.024921896052277015,,,,,-0.020249556358811094,,0.0123967733560153,0.05581433244376144
2011-01-31,,,,,,,,,,0.07902754073617935,,,,,-0.03020654231539277,,0.0,-0.07048481456755151
2011-02-28,,,,,,,,,,-0.09014090164220745,,,,,0.06739068722896024,,-0.0815916964994513,-0.07108969863820136
2011-03-31,,,,,,,,,,0.15170299235826712,,,,,0.08193984804071075,,0.02217646486214586,-0.010204644430866439
2011-04-30,,-0.04494231519400882,,,,,,,,0.03763420643129978,,,,,0.018546973395497046,,0.1130435058171324,0.032526056935408665
2011-05-31,,-0.023534740701963708,,,,,,,,-0.018134577372093008,,,,,0.030348779243336566,,0.03834554492995168,0.26194391775651416
2011-06-30,,-1.0119036257741503,,,,,,,,-0.031662431909563415,,,,,-0.017673095790832427,,-0.0010628332207481828,-0.18363819348264288
2011-07-31,,0.07895206391253762,,,,,,,,-0.07629416127639954,,,,,0.053973566663259254,,0.03645588279489842,-0.035180872711725875
2011-08-31,,-0.13414531909901994,,,,,,,,-0.03539811453920649,,,,,0.1024179502642395,,0.0473419443590144,-0.08287271180134614
2011-09-30,,-0.16902309562673712,,,,,,,,0.02752307513308394,,,,,-0.11612900799649062,,-0.00461093860182149,-0.013855658964822992
2011-11-30,,-0.03279441166423447,,,,,,,,-0.015105782740833185,,,,,0.0805559090850898,,-0.019024396159296186,-0.006250458436403261
2011-12-31,,0.050850751923886106,,,,,,,,0.02760708853874183,,,,,0.07969122154096508,,0.04627666490076354,0.0
2012-01-31,,0.016124399781353382,,,,,,,,0.08059714589598355,,,,,0.12976205825971565,,-0.02151089417016272,-0.023899467148764564
2012-02-29,,-0.03173711830099546,,,,,,,,0.34806654174726925,,,,,0.09423686997960035,,-0.009911355996145677,0.0019338192715014912
2012-03-31,,0.0,,,,,,,,0.15573768789191322,,,,,-0.016393527151540743,,0.011465671668596578,0.2250801785390093
2012-04-30,,0.0,,,,,,,,0.014184329605710477,,,,,0.2083335296386657,,0.09893810216970955,-0.024147137073934455
2012-05-31,,-0.2131211837782243,,,,,,,-0.06800000956937935,-0.16958036897720163,,,,,-0.1586207540393395,,-0.026560516306130766,-0.02662743371840315
2012-06-30,,0.10418064561670448,,,,,,,-0.00858361678633679,-0.02315784681463129,,,,,-0.07377044793401055,,0.033233268439004426,-0.03343458509106223
2012-07-31,,-1.0040303347604012,,,,,,,-0.008658161618356863,0.07543095412865419,,,,,-0.0035397142522121117,,0.02519594050628937,-0.0031441839399329874
2012-08-31,,-0.17855886183779468,,,,,,,0.015283615870072209,0.138276652165652,,,,,0.13676734406619628,,-0.011170989941768128,0.03848516433823024
2012-09-30,,-0.043488063046905,,,,,,,-0.023655773398721047,-0.08098592680396144,,,,,-0.05781308010283959,,0.012602079985095438,-0.03280640800410506
2012-11-30,,-0.06383350466196525,,,,,,,-0.002169121743417435,-0.01792817985607542,,,,,-0.028037418648196533,,0.032378815247704695,-0.0288462406479032
2012-12-31,,-0.06818614745090645,,,,,,,0.0,0.058823674549647986,,,,,-0.05769215308896858,,0.03462694478663919,-0.009901367810154826
2013-01-31,,0.09755912935945821,,,,,,,0.0,0.003831415392462567,,,,,0.10408160479484474,,0.018867808925396412,0.009333878215770808
2013-02-28,,0.0,,,,,,,0.01304355773524768,0.06106860236660294,,,,,0.077634057205483,,0.09764785579377566,-0.012549577853414706
2013-03-31,,-0.044432154940280744,,,,,,,0.010913525732580087,-0.03597120553340705,,,,,-0.045208118129262176,,0.00039506261303268175,0.004013470272715924
2013-04-30,,-0.1860649394768078,,,,,,,0.015283785723492871,-0.026119326773747287,,,,,0.09848493951688475,,-0.013391445365110832,0.03729838263265273
2013-05-31,,-0.028563862581416077,,,,,,,0.03655937311278801,0.0306510642209199,,,,,-0.03620688319242216,,0.028586693610736402,0.02618516642547042
2013-06-30,,-0.1470489550295898,,,,,,,0.0331948911874822,-0.029739516394027388,,,,,0.01967794384970678,,-0.03443632334303093,-0.006207287482850488
2013-07-31,,-0.03450858826164005,,,,,,,0.035051622014174555,0.1915707696231308,,,,,-0.06842083120075393,,0.01726150634760315,-0.007633401467079803
2013-08-31,,-0.10711513900509628,,,,,,,0.007968058224595786,-0.003215378188556217,,,,,0.03578121570631665,,-0.04483016964503961,0.02097936947279133
2013-09-30,,-0.04002986770724559,,,,,,,0.039525614157421174,-0.012903327770880768,,,,,0.014545542435588033,,-0.0034380917965123325,-0.020548279524614244
2013-11-30,,-0.21426724864084745,,,,,,,0.014184155047744618,0.11550158094091945,,,,,-0.05405436853486423,,0.007494286761162927,0.05403548835902128
2013-12-31,,0.0,,,,,,,0.020978959077064596,0.024523288704663138,,,,,0.04761916065802829,,-0.02527412469351553,-0.0013318157055686175
2014-01-31,,0.0,,,,,,,0.26027394291064976,0.045212786511470204,,,,,0.16000048614230078,,0.06463796255176768,-0.017999706357603285
2014-02-28,,0.045441689078632885,,,,,,,0.027174046363857007,-0.002544570828502124,,,,,0.03714718027757602,,-0.037013157719521406,-0.04276970221215848
2014-03-31,,0.08697808701546728,,,,,,,-0.056483173162506395,0.06632666870204584,,,,,0.001964570835272017,,-0.004299744343238099,0.06666599954839003
2014-04-30,,-0.08001825248776118,,,,,,,0.002865261536257213,-0.04306241561363999,,,,,0.01960775825387917,,0.026175121751436325,0.1376331353867084
2014-05-31,,-0.043466497991563324,,,,,,,0.07142837185546624,0.06997344614322865,,,,,-0.03653847400083443,,0.0581320156026115,-0.029806724541523555
2014-06-30,,-0.13637220728091137,,,,,,,-0.0426665345403765,-0.04672908558871325,,,,,-0.0019959415507228018,,-0.02172868066755762,-0.08855438001272375
2014-07-31,,0.15790622815825595,,,,,,,0.0842344935029935,0.09477121855441495,,,,,0.04199999372515273,,0.035182327100849564,0.070059332789433
2014-08-31,,0.13637220728091148,,,,,,,0.2257218258801208,0.11044784858520673,,,,,0.017274565278240894,,0.02813737399286076,0.003706520051186102
2014-09-30,,-0.08001825248776118,,,,,,,-0.09635989797454936,-0.03494616019378416,,,,,0.009433975708537545,,-0.06659846609733433,-0.030154042305746476
2014-11-30,,-0.043466497991563324,,,,,,,-0.08883244270794066,-0.1150159591789609,,,,,-0.025225115635570616,,0.052162972006142505,-0.06799982223320089
2014-12-31,,0.09088337815726577,,,,,,,-0.05292477969820375,-0.0036100442282794853,,,,,0.00924183450012106,,-0.03774410397648842,0.08655219480144027
2015-01-31,,0.04169907621150659,,,,,,,0.0323529980347248,0.003623123865679201,,,,0.07034252006061381,0.03296732179709583,,0.0519025968002913,-0.042132728983612866
2015-02-28,,0.0,,,,,,,0.008546948722125691,0.053429459677226676,,,,-0.0005821747892326146,0.021957121263737944,,0.011656292499663712,0.26804065973872837
2015-03-31,,-0.12000663726827676,,,,,,,-0.05084746526545658,-0.03701167735290756,,,,0.015225406689408638,-0.037255074707115754,,-0.004521794487717168,-0.0819916571784629
2015-04-30,,-0.22730263786228833,,,,,,,0.07895923603568966,0.14946653975668123,,,,-0.0027926065867129868,-0.05498966273914274,,-0.010042135036419375,0.06758506469136716
2015-05-31,,0.23529767962005943,,,,,,,0.007323883764512429,-0.04117654212452493,,,,-0.012315576474232315,0.002155071647739648,,0.014772378660725671,-0.09649663945905651
2015-06-30,,-0.2856931856068784,,,,,,,-0.06767338648094479,-0.08266077064514465,,,,0.0027579589847559483,0.010752849846276558,,0.02739738961955407,0.021088536657061896
2015-07-31,,-0.06671724021118541,,,,,,,-0.011168411770053122,-0.05315026091610542,,,,-0.03083487650045247,0.0744679896893572,,-0.019271475117215386,-0.024650262128724565
2015-08-31,,-0.07141275579355333,,,,,,,-0.09913260827659487,-0.19516717399965466,,,,-0.08889228003384642,-0.013861349248830424,,0.006503332601538903,-0.07103827746355396
2015-09-30,,-0.15380939554043216,,,,,,,-0.03645116159140749,-0.06327951009396438,,,,-0.04448352228384855,0.0040159796825680605,,0.008383090676017835,-0.007352838713771015
2015-11-30,,0.0,,,,,,,-0.051948157420309005,-0.03327689797540234,,,,0.07280044263548668,0.053191405580899076,,-0.028541863130324696,-0.1517241042387023
2015-12-31,,-0.07690473484220783,,,,,,,0.0008057935291359009,-0.054259082682316384,,,,-0.1408648050174447,-0.06969708771541727,,0.029097133457259394,0.1373982146039927
2016-01-31,,0.08331180729115961,,,,,,,-0.06602236202559275,-0.20789645141205992,,,,-0.10838364676540002,0.04234536850985693,,0.002395817010065082,-0.12794850923809564
2016-02-29,,0.3076984958632476,,,,,,,-0.017241463430393456,-0.0007788221942615081,,,,0.1394314346560459,-0.07028969736902424,,0.012046336683714909,-0.011475340238329523
2016-03-31,,0.4117860777203566,,,,,,,-0.013157825882715413,0.03663287757331646,,,,0.0603567812760748,0.16504867678337054,,0.05714055749647695,0.0605306627288249
2016-04-30,,0.4166882730298933,,,,,,,0.02201838155513891,0.0714286462850311,,,,0.15649504126744307,-0.09687499289305934,,2.5940842860450175e-05,0.022673912632230397
2016-05-31,,-0.11764526455083446,,,,,,,-0.0080788733998306,-0.10877187241630681,,,,0.10263203610803084,0.0495965346496714,,0.030107597480081072,-0.017584056454438723
2016-06-30,,0.13333102869442515,,,,,,,-0.013574947081050115,0.011811113181952493,,,,-0.008665789211728447,-0.10549465932615654,,-0.0003951582269026144,0.0031128112166876054
2016-07-31,,0.0,,,,,,,0.027375865136646915,-0.08949443968057258,,,,0.09028870979860004,-0.009828132745737461,,0.04238034088131282,0.0426686747688767
2016-08-31,,0.5294189417966619,,,,,,,-0.04147473579645389,-0.029914546576144785,,,,-0.05686058513123038,0.004962900727146113,,0.030776839241930976,0.14360117132632588
2016-09-30,,-0.038450799418259796,,,,,,,-0.0336538690548307,-0.1233481442614166,,,,0.03154258695360346,-0.011111147570261881,,0.03556995203347424,-0.03773576774375664
2016-11-30,,0.3344953179214385,,,,,,,0.12999995333244074,0.1166666156300622,,,,0.05115572480510555,-0.02621715744906372,,-0.020548278200238856,-0.025735239901946816
2016-12-31,,-0.020408129131033403,,,,,,,0.02212385500868419,0.059701671779573307,,,,0.011370290674465933,0.0,,-0.17331232900787352,0.028679149545282057
2017-01-31,,-0.062499970896169765,,,,,,,-0.04761900321815038,-0.031690202742948204,,,,-0.02769976410342212,-0.07692318457850089,,0.027954068839718405,0.09904643123970547
2017-02-28,,-0.04444444996339281,,,,,,,-0.03181826933840082,-0.021818256546587422,,,,0.04586779087194204,0.023611227111035804,,-0.005029194774123336,0.028037209268048313
2017-03-31,,-0.16279076214672017,,,,,,,0.019463054355561837,0.2379182635936079,,,,-0.0012988512501405092,-0.002872577989017633,,0.0986690805520627,-0.06818191457833656
2017-04-30,,-0.08333329883990315,,,,,,,-0.018957039153501998,-0.0411863581642089,,,,-0.010406388183714088,0.04264691312863422,,-0.019157237639073954,-0.040901294281051714
2017-05-31,,-0.18181815616191244,,,,,,,-0.014493036919921987,-0.046218368336822135,,,,0.05663586600559789,-0.13681200629288992,,0.0301184146281972,0.0045488553765189454
2017-06-30,,0.2222221838961913,,,,,,,0.0686275354700081,0.03436117093813751,,,,-0.04313357322316169,0.07843088570352164,,0.041143514021757754,-0.14641510659323453
2017-07-31,,-0.09090910630285254,,,,,,,0.002541211806778243,0.0732539248791444,,,,-0.02313086045385393,-0.037878644713633114,,0.05229610337143198,-0.0008842424993154019
2017-08-31,,-0.09999995653827887,,,,,,,0.05860086086687044,-0.0063491004497751025,,,,0.009057591993512082,-0.05196855153304292,,-0.019302127778312084,-0.08407082822211775
2017-09-30,,-0.07407408429434903,,,,,,,0.051785723439548015,0.10702856056930576,,,,0.07039879392310233,-0.05149499782783862,,0.009018941759209254,-0.1777776547320341
2017-11-30,,-0.16666669253673794,,,,,,,-0.0033558058580577255,0.02725743153923199,,,,-0.03887446873994371,0.12933335919581346,,-0.10201358175281106,-0.11213719948342049
2017-12-31,,-0.0500000093132259,,,,,,,0.05892257864017436,0.05306796440274253,,,,0.009375804938071663,0.1508265172541139,,0.09413176545299984,0.2897473504539323
2018-01-31,,0.2105263570669298,,,,,,,0.09697941814647137,0.1385826611196863,,,,0.014138876130552314,-0.14080527126128362,,0.01319929739569381,-0.02880176268997936
2018-02-28,,0.0,,,-0.03262076220545018,0.03605771655514478,-0.04060767262085596,-0.08117501653476689,-0.04637693729138903,-0.12309821539790444,,,,0.029384309574681744,0.03518178006841688,,-0.02074134833307817,0.05338077547422193
2018-03-31,,-0.21739133955850942,,,-0.059949166948096044,-0.07308586111426119,-0.025955728081026197,0.03639982214460291,0.08375406652867601,-0.036994125529369426,,,,-0.02004257945289578,-0.018691430779329,,-0.0118230227661692,0.09009008919561112
2018-04-30,,0.11111113410673124,,,-0.12133882517208883,-0.23529407903107646,0.05926592007525966,0.0650371373861276,0.08069166639908776,0.23076935572101132,,,,0.07410735467884222,-0.011111117563785133,,0.037675265498475774,0.2114406696684128
2018-05-31,,-0.0500000093132259,,,-0.16805745666445426,-0.11456632910082487,-0.11974417854370667,-0.048826164007896744,-0.013333308792479515,0.09614067592141895,,,,0.03671389198954711,-0.03691833683441659,,-0.06506138756789515,-0.16862034943217252
2018-06-30,,0.05263158926673239,,,-0.19421267252912078,,0.008839931108976629,,0.09864854457313887,0.002717243603136632,,,,-0.025544260737789815,0.033333233962131725,,-0.026498166101589837,-0.024945798705607758
2018-07-31,,-0.10000001862645191,,,,,0.12670228621063395,,0.11337718377997574,0.04200554464177686,,,,0.03604407783677677,0.0225810586596491,,0.04045084279627953,0.1345940509962571
2018-08-31,,-0.05555546357307506,,,,,,-0.02223840578135361,-0.09039548473913572,-0.048114454453533795,,,,-0.03306489013976799,-0.05015783366458604,,-0.016273596240448218,-0.05784307803002664
2018-09-30,,-0.05882353585690325,,,,,,-0.044638222887682155,0.032298220252291676,-0.013661267395093879,,,,-0.008326065537646588,0.009631153005060566,,-0.002875485756063001,0.019771040020059694
2018-11-30,,0.2142857427955882,,,,,,-0.005969647667616651,0.009227347694612309,-0.02499993259893918,,,,0.07987623485174389,-0.05362805192586817,,0.0704122761551611,-0.015974352098343636
2018-12-31,,0.0,,,0.01143538978907599,,,-0.030744368637314112,0.1325714793572632,0.01709404997602726,,,,-0.0060208035351829725,-0.0666666034304475,,-0.014915980853529187,-0.043290099542124816
2019-01-31,,0.3529411055740639,,,,,,,0.1432894525387396,0.17366959923554948,,,,0.11970018283032813,0.10678573787830725,,0.03394123971577567,0.09389152552412461
2019-02-28,,0.0,,,,,,,-0.015887045822457813,-0.04057299883726373,,,,-0.005924852880696108,0.06577276756205253,,-0.009288014568246683,0.013443609450440208
2019-03-31,,-0.04347826791170184,,,,,,,0.09835838413103515,0.03855722085017388,,,,0.046903483084892006,-0.023793143662098393,,0.007551844607045055,0.010204137195932272
2019-04-30,,-0.09999999999999998,,,,,,0.018224007010655185,0.239618079808809,-0.006572116143165885,,,,0.03402086909978319,0.05969618581224578,,0.007986750017697997,-0.03337181710852544
2019-05-31,,-0.14141409010160255,,,,,,-0.08841629457757061,-0.11222786299236431,-0.09553349181648041,,,,-0.020025198187475945,-0.0663333822337695,,0.04253227535754456,-0.13000004792124187
2019-06-30,,0.08235290637272219,,,,,,,0.016981241484391507,0.0480108575886411,,,,-0.0022988094393436853,0.04605519698974625,,0.021711134382957464,0.01404858603285497
2019-07-31,,-0.22826088166888947,,,,,,,-0.017288979330706167,-0.009162089271495977,,,,-0.0023040366243388677,0.08532394478238792,,-0.014875026684460502,-0.002518811583925973
2019-08-31,,0.042253514660525626,,,,,,,-0.015384412778765011,-0.09019869406340064,,,,-0.09982048550018385,-0.02515702445201673,,0.007486357675902777,-0.04924243849398202
2019-09-30,,0.013513490553588747,,,,,,0.012069457383047988,-0.04687495456810775,0.001481345653868038,,,,0.04332951272720065,0.09677426411874723,,0.004533746959271667,-0.07038517428994473
2019-11-30,,-0.3448275884216947,,,,,,-0.030392338604522506,-0.009008945574707217,0.0444784628528041,,,,-0.01639339640726667,0.0,,-0.03235308354694755,0.03546097318631647
2019-12-31,,0.2631579463336624,,,,,,0.003477433529245344,0.09090912166761056,0.10425858505556884,,,,-0.005555715623750346,-0.027777860402177224,,-0.030395230914251448,0.11369854758548392
2020-01-31,,-0.12500001940255345,,,,,,-0.0015402396194506007,-0.01833338864313072,0.0,,,,0.022346485238550207,0.02857151598467822,,-0.03915847795332117,-0.018450272413203073
2020-02-29,,-0.42857141590037295,,,,,,-0.13959977544123803,-0.05772499134849163,-0.07446810443532825,,,,-0.09836067519694036,0.015753333250047907,,-0.06663328441765404,-0.11904747632738
2020-03-31,,-0.9166666634329077,,,,,,-0.24326301139724038,-0.30026206703698943,-0.18534488781346392,,,,-0.26060609950282165,0.005000933654683681,,-0.10003227811544568,-0.14651500255104832
2020-04-30,,34.999996740371145,,,,,0.0070017572883258605,0.13747044837707634,0.1377004530821253,0.08380620416836027,,,,-0.00092086277775838,-0.029850659290281967,,0.1111111209484239,0.07142861343745133
2020-05-31,,-0.7777777576566102,,,,,,-0.027051447195372225,0.025851975849438213,-0.040066731019074986,,,,0.0,0.0030765133782779674,,-0.16035706883803935,0.08333331808566635
2020-06-30,,1.374999810825111,,,,,,-0.0325209732163102,-0.034364122432894995,-0.017391339890708846,,,,0.01769920080090337,-0.027607190515115287,,0.18332629174277648,0.14461544351288236
2020-07-31,,0.4736843034005922,,,,,,-0.06346042223989645,0.004744796918964456,0.060176977652645514,,,,-0.08695655267007008,0.04100965799539247,,-0.04335002810531219,0.03360202016823588
2020-08-31,0.7142856762725491,0.10714280487475514,,,,,,,0.13223129654427934,0.0901504390675314,,,,-0.0476190362027088,0.0,,-0.12452113125442532,0.20936291379395833
2020-09-30,-0.2916666343290776,-0.4516128644610785,,,,,,,-0.028154341519409543,0.07350685241300381,,,,-0.03000008055368575,-0.0030303926643496792,,-0.055793938812442545,0.007526877997101167
2020-11-30,0.31249991996447,0.2222221838961913,,,,,,0.2878405989963366,0.15666691601300653,0.05376349391407986,,,,0.5087719169113432,0.024679756478513504,,0.10021412453299794,0.06249994282124893
2020-12-31,0.09523811213283606,0.18181821260570508,,,,,,0.07188328828727508,-0.029779165097209903,-0.004373129731309433,,,,-0.04651155983497035,0.050914805112818096,,0.08398475298919772,0.005882485643370128
2021-01-31,-0.21739133955850942,0.33333333333333326,,,,,,-0.07614952658350116,0.02574247072358804,-0.023426108516774735,,,,0.04065034410810475,0.04728742816009235,,-0.026158480313664856,-0.015204694081106584
2021-02-28,0.11111113410673124,0.24999992835980334,,,-0.06476196054461847,0.2886597558053079,,0.08039348195063267,-0.035714203341254414,0.005997013825854713,,,,0.09375005838470774,0.15007119869325014,,-0.0695066747803198,0.09619937184541727
2021-03-31,-0.0500000093132259,-0.169230717208962,0.034615540685782875,,0.12331205108359322,-0.06266663869222,0.09347785868485547,-0.16563490112392887,0.14860242821299852,0.16691492618414427,,,,-0.12142856564905002,-0.09498765208406734,,0.07416860369986367,0.07751305226822658
2021-04-30,0.05263158926673239,0.037037042147174404,0.039033246197911486,,0.015026670189505875,0.20470130222663951,0.010358522295050188,-0.12075360707304383,0.18761124658965267,0.22094520811375595,,,,-0.12409104653786474,0.024646776528682413,,-0.0937233495842762,-0.01047116026549011
2021-05-31,0.05000000931322601,0.0,0.22647586288257893,,0.15908493999070306,-0.006382114045436649,0.09538816489392521,0.09654987538872684,-0.013133074196867489,-0.03451885819666356,,,,0.08653864351819718,0.013513657412532964,,-0.2786104928112101,0.05925930553330683
2021-06-30,0.04761905606641803,-0.23214285476703433,-0.003792212285644414,,0.024041173900899215,0.14070113138753548,0.011395183951905974,-0.07967390332492974,0.026796837430731024,0.0021668517432551493,,,,-0.07964617184528877,-0.026666696685368363,,0.0919081979074845,-0.017982081387095228
2021-07-31,-0.09090910630285254,-0.046511633951255016,-0.06588582181955127,,-0.07724431500713025,0.16741330917636588,-0.015239434495751158,-0.179455675124233,-0.011320631629001876,0.04756766627103026,,,,-0.192307629401117,0.05753430454916142,,0.021854294339149316,-0.037639933636306355
2021-08-31,0.15000002793967782,0.1463413924989374,0.012539187673387353,,-0.029305481989837956,-0.13112621478368758,,0.05804785092419995,0.0267174967955508,-0.026575305430383778,,,,0.11309532246992382,0.023315933946868705,,0.12203495519927987,0.04756873533228978
2021-09-30,-0.08695653582340379,-0.04255312065993755,-0.13622293940464547,,-0.153622793871246,0.18657954574950053,,0.07829604299048865,0.003717488278597081,-0.005399635483907428,,,,-0.005347733952396183,0.015190002884708953,,-0.05851078504584617,0.02119076961786681
2021-11-30,0.0,-0.062499970896169765,-0.047138112346191696,,-0.02714914183570971,-0.27484813982760725,-0.15654605200041716,-0.10430307351160362,-0.03945101184806932,-0.04016913336427075,,,,-0.024793141961804377,0.03916448936943917,,0.19138450755011505,-0.05818188857668816
2021-12-31,0.0,-0.20000006622738042,0.016377953509028043,,-0.001513249619024215,0.19906161515866594,0.08421886516063681,0.04589223190025882,-0.03214291212323994,0.0627753730275653,,,,0.014762091031779168,-0.03768844082923195,,-0.12429371657915189,0.04633198713872444
2022-01-31,-0.045454553151426325,-0.19444443294663438,0.012590008260949803,,0.24369161599006905,-0.05366121393095935,-0.023117994580040047,0.12218571379901544,0.25461254487667695,0.19792735550733043,,,,0.1982758585700748,0.08355065483836777,,0.23870973717076893,0.008302678241476125
2022-02-28,0.0,0.03448276526508387,0.030195511501425187,,-0.09588038702265589,0.14500885289148635,0.04160600244448576,0.04766775400852663,0.044117635158482216,0.17813524889417143,,,,0.021582692996842567,-0.0028524551254640595,,-0.12239580754795754,0.09698069675971421
2022-03-31,0.04761905606641803,-0.033333339542150675,0.120689476658701,,0.21195625313076727,-0.20118651153761424,0.05457312799578795,0.21757059004611712,0.05774650270634263,-0.018621913566826187,,,,0.09154931970745084,0.03684206310656868,,0.037430441267302994,0.01102490750348073
2022-04-30,0.09090910630285265,0.17241389055456469,-0.08553841188973332,,-0.1561011991382354,0.14530196987793276,-0.04939698713411811,-0.2061879275653924,0.10117942071500896,0.20113850005155864,,,,-0.11913980140746594,0.015228440823701339,,-0.10708989087490284,0.00945008485840182
2022-05-31,0.0,0.029411713144773755,-0.007402471885251116,,0.19775592554054366,-0.12940518471866957,-0.03330994357469408,0.049636448525643306,-0.060048859918597874,-0.09320692257021379,,,,-0.03125006465601965,0.037500034995438414,,0.151600232931987,-0.034042441259159895
2022-06-30,0.12500001940255356,-0.114285732532034,-0.13559311273142172,,-0.22899873151774608,-0.288082906418914,-0.11249663192979065,-0.0988890459679922,-0.16297272896955006,-0.2229965471573272,,,,-0.10483857762932047,-0.05542173659774863,,-0.1452472609303771,-0.05286349400838264
2022-07-31,0.555555494233906,0.16129029156886276,0.1098037857834695,,0.025175764991249627,-0.17594615002133884,-0.1200637434817402,0.03635722563136046,0.138650859502901,0.16591926909542254,,,,0.04504503519349967,0.02040818269911937,,0.2309515426661921,0.08372093286035232
2022-08-31,-0.09523811213283606,0.22222226821346247,0.03533579223845007,,0.10479664208722728,0.12883647832843992,0.0892970345188937,-0.020942602942462862,-0.015256556394425025,-0.0779487495299599,,,,-0.08620687851056896,0.04100008133298805,,0.0802751152579031,0.010300545333891797
2022-09-30,-0.21052630804995065,-0.15909089369714746,-0.027303953037143947,,-0.018096173290589324,-0.2860635776635959,-0.05886888913771937,-0.0378509044350972,-0.1056337572249394,-0.039898112991788914,,,,-0.047169904618147296,-0.03890498756890137,,-0.04278292033027842,-0.17757022152380642
2022-11-30,-0.1071428713977941,-0.15151512072762818,-0.009868274364841834,,-0.2290009219397855,0.20168563221083402,0.12068245851715598,0.045890805095950116,-0.030898873763551493,-0.09417807946107803,,,,-0.05691050710930534,0.03000002799635082,,0.0351757941896822,-0.08977774509257586
2022-12-31,-0.08000001192092876,-0.14285716186372543,-0.051543972482068656,,-0.009384390236727769,-0.17935872183937218,0.007226041375754555,-0.1085554886380562,-0.07826089206150244,-0.09829871841566573,,,,-0.06034494813392577,-0.026699053316354804,,-0.02215282461658641,-0.04785159229729252
2023-01-31,0.04347826791170184,0.0,-0.03184480036055359,,-0.016635125652806892,0.38559220441654873,0.07078904046070655,0.008901393815320846,-0.03144660266386745,0.014675066818979232,,,,0.009174331430619187,0.0,,-0.026135783950429925,0.0041024947470376105
2023-02-28,0.041666673134184595,-0.041666673134184484,-0.025028271934600554,,-0.081476374780453,0.044395524420046906,0.0987787210008857,-0.06119383963139746,-0.15422072982547652,-0.06404959377402386,,,,0.0,0.007730637549173025,,0.03784460459794947,-0.013278821967765086
2023-03-31,-0.08000001192092876,-0.13043480373510563,0.07995961834904985,,0.032959099392573465,0.02276449036907069,0.029732274746025134,0.05039475353386824,0.16549450107049135,0.0033112321369037634,,,,-0.07272722530573195,0.01926587557759718,,0.13787882908360571,-0.11297947399559516
2023-04-30,0.04347826791170184,0.0,0.002333872833503614,,0.07122571259979593,-0.03230601603298833,0.009065712219949562,0.005259022022264137,0.01010096704412522,0.06820683042043485,,,,0.030803378197026277,-0.0012771619119922306,,0.11978287311290448,0.009852247785709256
2023-05-31,0.08333334626836897,-0.3999999813735481,-0.011284167443339377,,0.11362496100462005,0.14407507246461648,0.04138973845380445,-0.024401217199015668,0.09166674063802693,-0.09680736857071848,,,,-0.01010089455020824,0.023017893708530357,,0.0819671388955383,-0.0012194965024384663
2023-06-30,0.03846154397232282,-0.16666669253673794,0.15094203093501757,,0.1248411134848797,0.04187781456506556,0.10557009851827637,0.13413524987629732,0.027480931497218863,0.04218923030066968,,,,0.15306115200624593,-0.024999967589488303,,0.05303036492062718,0.025640929538744306
2023-07-31,0.11111105745466787,0.1000000186264518,-0.024586086050181644,,0.01823313310074104,-0.10520673969848282,0.022733404619174058,0.05776079625912933,-0.036307136370945625,0.005470470756062662,,,,-0.017699003568469873,0.02538464671511198,,0.0575539305158661,0.05000012180965285
2023-08-31,-0.13333329608042954,0.0,-0.09966115962297861,,-0.14371044262640542,-0.18807447425948265,-0.007954481642996725,-0.07452995900242187,-0.04245277145078197,-0.03482047951418643,,,,-0.04504508383583794,-0.049762504644393024,,-0.010238110120055821,-0.0442177689520572
2023-09-30,-0.07692308794464564,-0.18181821260570508,-0.07506168780443634,,-0.052465130365553114,-0.30941131406237754,-0.05074317573208631,-0.08372996555997247,-0.08866996320496401,-0.05298757374143137,,,,-0.009434049186793914,-0.023684201453829656,,-0.07910918594969885,-0.003558749097264835
