ticker,name,currency,sector,industry_group,industry,exchange,market,country,market_cap,isin,cusip,figi,composite_figi,shareclass_figi,website,summary
0A6X.L,Ambev S.A.,USD,Consumer Staples,"Food, Beverage & Tobacco",Beverages,LSE,London Stock Exchange (international),Brazil,,US02319V1035,02319V103,,,,http://www.ambev.com.br,"Ambev S.A., through its subsidiaries, produces, distributes, and sells beer, draft beer, carbonated soft drinks (CSD), other non-alcoholic beverages, malt, and food products in the Americas. It operates through three segments: Brazil; Central America and the Caribbean; Latin America South; and Canada. The company offers beer primarily under the Skol, Brahma, Antarctica, Brahva, Brahva Gold, Extra, Budweiser, Bud Light, Stella Artois, Corona, Modelo Especial, Beck, Leffe, Hoegaarden, Bucanero, Cristal, Mayabe, Cacique, Presidente, Brahma Light, President Light, Bohemia, The One, Banks, Deputy, Quilmes Cl√É¬°sica, Pace√É¬±a, Taqui√É¬±a, Huari, Becker, Cusque√É¬±a, Pilsen, Ouro Fino, Patricia, Michelob Ultra, Busch, Labatt Blue, Alexander Keith's, and Kokanee brands. It also provides bottled water, isotonic beverages, energy drinks, coconut water, powdered and natural juices, and ready-to-drink teas under the Guaran√É¬° Antarctica, Natu, Gatorade, H2OH!, Lipton Iced Tea, Fusion, Do Bem, Pepsi, Canada Dry, Squirt, Red Rock, Pepsi-Cola, Seven Up, Nutrl, and Palm Bay and Mike's brands, as well as For Me wellness shots, a functional beverage. Ambev S.A. offers its products through a network of third-party distributors and a direct distribution system. The company was founded in 1885 and is headquartered in S√É¬£o Paulo, Brazil. Ambev S.A. is a subsidiary of Interbrew International B.V."
0HL8.L,Banco Bradesco S.A.,USD,Financials,Banks,Banks,LSE,London Stock Exchange (international),Brazil,,,,,,,http://banco.bradesco,"Banco Bradesco S.A., together with its subsidiaries, provides various banking products and services to individuals, corporates, and businesses in Brazil and internationally. The company operates through The Banking, and The Insurance. The company offers leasing, investment banking, brokerage, and consortium management services, overdrafts, as well as credit cards, real estate products, pension plans, and capitalization bonds. It also provides health, life, and personal accident insurance products. Banco Bradesco S.A. was founded in 1943 and is headquartered in Osasco, Brazil."
AESGENER.SN,AES Andes S.A.,CLP,Utilities,Utilities,Independent Power and Renewable Electricity Producers,SGO,Bolsa de Comercio de Santiago de Chile,Chile,,,,,,,http://www.aesgener.cl,"AES Gener S.A., together with its subsidiaries, engages in the generation, transmission, and distribution of electric energy and power. It operates hydroelectric, coal-fired, natural gas, diesel-fired, solar, and wind plants, as well as thermoelectric and biomass-fired plants, and battery energy storage systems. The company is also involved in water desalination activities. As of December 29, 2020, it operated a portfolio of power generation assets with a total installed capacity of 5,309 megawatts in Chile, Colombia, and Argentina. The company was formerly known as Gener S.A. and changed its name to AES Gener S.A. in 2001. The company was founded in 1981 and is based in Santiago, Chile. AES Gener S.A. is a subsidiary of Inversiones Cachagua Limitada."
AGUAS-A.SN,Aguas Andinas S.A.,CLP,Utilities,Utilities,Water Utilities,SGO,Bolsa de Comercio de Santiago de Chile,Chile,,,,,,,http://www.aguasandinasinversionistas.cl,"Aguas Andinas S.A., together with its subsidiaries, operates as a water utility company in Chile. It engages in the catchment of raw water; production, transportation, and distribution of water; and the collection, treatment, and final disposal of sewage. The company also provides integral advisory and management services in sewage and liquid waste; sells equipment and nonconventional renewable energies; develops energy projects relating to sanitation companies; and offers laboratory sampling and environmental analysis services. It delivers potable water, sewerage, and wastewater treatment services to approximately two million residential, commercial, and industrial clients. The company was formerly known as Empresa Metropolitana de Obras Sanitarias and changed its name to Aguas Andinas S.A. in 2001. The company was founded in 1861 and is based in Santiago, Chile. Aguas Andinas S.A. is a subsidiary of Inversiones Aguas Metropolitanas S.A."
0A7W.L,Vedanta Limited,USD,Materials,Materials,Metals & Mining,LSE,London Stock Exchange (international),India,,,,,,,http://www.vedantalimited.com,"Vedanta Limited operates as a diversified natural resources company in India. The company explores for, develops, extracts, produces, processes, and sells oil and gas, zinc, lead, silver, copper, aluminum, iron ore, steel, and power. It is involved in the exploration, development, and production of oil and gas; and exploration, mining, and processing of iron ore, pig iron, and metallurgical coke. The company also operates a thermal coal-based commercial power facility of 600 megawatts (MW) at Jharsuguda in the State of Odisha in eastern India; two 300 MW thermal coal based power plants at Korba; 1,980 MW (three units of 660 MW each) thermal coal-based commercial power facilities; 274MW of wind power plants; and a power plant situated at Mettur Dam in the state of Tamil Nadu in southern India. In addition, it manufactures and supplies billets, TMT bars, wire rods, and ductile iron pipes; engages in the mechanization of coal handling facilities and upgradation of general cargo berth for handling coal at the outer harbor of Visakhapatnam Port on the east coast of India; and provides logistics and other allied services inter alia rendering stevedoring, and other allied services in ports and other allied sectors. Further, the company is involved in manufacturing glass substrates in South Korea and Taiwan. It also has operations in South Africa, Namibia, Ireland, Australia, Liberia, and the United Arab Emirates. The company was incorporated in 1965 and is based in Mumbai, India."
17SA.F,Vedanta Limited,EUR,Materials,Materials,Metals & Mining,FRA,Frankfurt Stock Exchange,India,,,,,,,http://www.vedantalimited.com,"Vedanta Limited operates as a diversified natural resources company in India. The company explores for, develops, extracts, produces, processes, and sells oil and gas, zinc, lead, silver, copper, aluminum, iron ore, steel, and power. It is involved in the exploration, development, and production of oil and gas; and exploration, mining, and processing of iron ore, pig iron, and metallurgical coke. The company also operates a thermal coal-based commercial power facility of 600 megawatts (MW) at Jharsuguda in the State of Odisha in eastern India; two 300 MW thermal coal based power plants at Korba; 1,980 MW (three units of 660 MW each) thermal coal-based commercial power facilities; 274MW of wind power plants; and a power plant situated at Mettur Dam in the state of Tamil Nadu in southern India. In addition, it manufactures and supplies billets, TMT bars, wire rods, and ductile iron pipes; engages in the mechanization of coal handling facilities and upgradation of general cargo berth for handling coal at the outer harbor of Visakhapatnam Port on the east coast of India; and provides logistics and other allied services inter alia rendering stevedoring, and other allied services in ports and other allied sectors. Further, the company is involved in manufacturing glass substrates in South Korea and Taiwan. It also has operations in South Africa, Namibia, Ireland, Australia, Liberia, and the United Arab Emirates. The company was incorporated in 1965 and is based in Mumbai, India."
06L.SG,PT. Global Mediacom Tbk,EUR,Communication Services,Media & Entertainment,Entertainment,STU,Stuttgart Stock Exchange,Indonesia,,ID1000105604,,BBG003HBRB88,BBG003HBRB42,BBG001S6GR51,http://mediacom.co.id,"PT. Global Mediacom Tbk operates as an integrated media company in Indonesia and internationally. The company operates through Advertising and Content, and Pay TV and Broadband segments. It operates 4 free-to-air TV stations, including RCTI, MNCTV, GTV, and iNews; and provides content production and content library services. The company also operates Okezone.com, an online news and entertainment portal that publishes approximately 700-800 new items and provides online TV streaming service through Okezone.tv; metube.id, an entertainment video portal; misteraladin.com, an online travel service for ticket sales, accommodation, and travel packages; thefthing.com, an online shopping portal; and mncshop.co.id, an online shopping center. In addition, it offers talent management and advertising services; fixed broadband/IPTV and DTH services; animation games and parenting services; and TV production services. The company was formerly known as PT Bimantara Citra Tbk. and changed its name to PT. Global Mediacom Tbk in March 2007. The company was founded in 1981 and is based in Jakarta, Indonesia. PT. Global Mediacom Tbk is a subsidiary of PT MNC Investama Tbk."
07K.F,PT Krakatau Steel (Persero) Tbk,EUR,Materials,Materials,Metals & Mining,FRA,Frankfurt Stock Exchange,Indonesia,,ID1000117005,,BBG0018T33T4,BBG0018T33S5,BBG001S8MQ07,http://www.krakatausteel.com,"PT Krakatau Steel (Persero) Tbk, together with its subsidiaries, engages in the production and trading of iron and steel products in Indonesia and internationally. It operates through five segments: Steel Products, Real Estate and Hotels, Engineering and Construction, Port Services Provider, and Other Services. The Steel Products segment is primarily involved in production and sale of steel products, such as sponge iron, slabs, billets, hot rolled coils, cold rolled coils, and wire rods; and steel pipes, reinforcing bars, and steel wires, as well as services related to steel, including coating and tolling services. The Real Estate and Hotels segment develops and sells industrial estates with the infrastructure, and hotels and sport facilities. The Engineering and Construction segment is involved in the construction, industrial engineering, planning, and contracting of various types of buildings; export and import of goods; and provision of services and software related to the aforementioned activities. The Port Services Provider segment offers pier services for berthing, loading, and unloading goods and containers; and sea port support, warehousing, and transportation services. The Other Services segment provides information technology, medical, electricity, and water distribution services for industrial and residence needs. It also engages in the production of reinforcing bars, and deformed and plain bars; and coal and mining business. PT Krakatau Steel (Persero) Tbk was founded in 1970 and is headquartered in Cilegon, Indonesia."
0I3G.L,"Controladora Vuela Compania de Aviacion, S.A.B. de C.V.",USD,Industrials,Transportation,Airlines,LSE,London Stock Exchange (international),Mexico,,,,,,,http://www.volaris.com,"Controladora Vuela Compa√É¬±√É¬≠a de Aviaci√É¬≥n, S.A.B. de C.V., through its subsidiaries, Concesionaria Vuela Compa√É¬±√É¬≠a de Aviaci√É¬≥n, S.A.P.I. de C.V., provides air transportation services for passengers, cargo, and mail in Mexico and internationally. The company operates approximately 410 daily flights on routes connecting 43 cities in Mexico, 22 cities in the United States, and 3 cities in Central America. As of December 31, 2020, it operated through a fleet of 86 aircraft. The company also offers merchandising, recruitment and payroll, travel agency, and loyalty program services. Controladora Vuela Compa√É¬±√É¬≠a de Aviaci√É¬≥n, S.A.B. de C.V. was incorporated in 2005 and is headquartered in Mexico City, Mexico."
0TD7.L,"Fomento Economico Mexicano, S.A.B. de C.V.",USD,Consumer Staples,"Food, Beverage & Tobacco",Beverages,LSE,London Stock Exchange (international),Mexico,,,,,,,http://www.femsa.com,"Fomento Econ√É¬≥mico Mexicano, S.A.B. de C.V., through its subsidiaries, operates as a bottler of Coca-Cola trademark beverages. The company produces, markets, and distributes Coca-Cola trademark beverages, including low-sugar or sugar-free carbonated beverages; refreshing juices, nectars, and fruit-based drinks; purified, and carbonated and flavored water; coffees, teas, and sports and energy drinks; and dairy products and products based on vegetable protein. It also operates small-box retail chain stores in Mexico, Colombia, Peru, the United States, Chile, and Brazil under the OXXO name; retail service stations for fuels, motor oils, lubricants, and car care products under the OXXO GAS name in Mexico; and drugstores in Chile, Colombia, Ecuador, and Mexico under the Cruz Verde, Fybeca, SanaSana, YZA, La Moderna, and Farmacon names. In addition, the company is involved in the production and distribution of coolers, commercial refrigeration equipment, and plastic cases; food processing, preservation, and weighing equipment; and provision of logistic transportation and maintenance, point-of-sale refrigeration, and plastics solutions, as well as distribution platform for cleaning products and consumables. As of December 31, 2020, it operated 19,566 OXXO small-format stores; 3,368 drugstores; and 558 OXXO GAS service stations. Fomento Econ√É¬≥mico Mexicano, S.A.B. de C.V. was founded in 1890 and is headquartered in Monterrey, Mexico."
0U8N.L,Credicorp Ltd.,USD,Financials,Banks,Banks,LSE,London Stock Exchange (international),Peru,,BMG2519Y1084,,,,,http://www.grupocredicorp.com,"Credicorp Ltd., a financial services holding company, provides various financial, insurance, and health services and products primarily in Peru and internationally. The company's Universal Banking segment offers deposits and current accounts, and various credits and financial instruments to individuals and legal entities. Its Insurance and Pensions segment issues insurance policies to cover losses in commercial property, transportation, marine vessels, automobile, life, health, and pensions, as well as provides private pension fund management services. The company's Microfinance segment manages loans, credits, deposits, and current accounts of the small and microenterprises. Its Investment Banking and Wealth Management segment offers its services to corporations, institutional investors, governments, and foundations; engages in structuring and placement of issues in the primary market, as well as the execution and negotiation of operations in the secondary market; and structures securitization processes for corporate customers and manages mutual funds. The company was founded in 1889 and is headquartered in Lima, Peru."
9IFA.F,Intercorp Financial Services Inc.,EUR,Financials,Banks,Banks,FRA,Frankfurt Stock Exchange,Peru,,PAL2400671A3,,BBG00PYS15S2,BBG00PYS15R3,BBG00PNFV2G9,http://www.ifs.com.pe,"Intercorp Financial Services Inc. provides banking, insurance, and wealth management services for retail and commercial clients in Peru. The company operates through three operating segments: Banking, Insurance, and Wealth Management. It provides transactional accounts, such as cuenta sueldo and cuenta simple; savings accounts; investment accounts; and time deposits, certificates of deposit, and compensation for service time accounts. The company also offers retail banking products, including consumer, payroll deduction, cash, vehicle, student, express, collateralized cash, mortgage, and other consumer loans, as well as credit cards. In addition, it provides corporate, medium-size business, and small business banking services; and commercial banking products, which include commercial real estate, vehicles, machinery and other goods, cash management, trade finance, and electronic factoring products. Further, it offers treasury and institutional banking, as well as securitization services. Additionally, the company provides annuities and conventional life insurance, and other retail insurance products; financial planning and mutual fund services; brokerage and investment management services; and financial advisory services for equities, fixed income, structured products, alternative investments, and managed accounts. As of December 31, 2020, it operated 215 financial stores and 1,640 ATMs. Intercorp Financial Services Inc. was founded in 1897 and is based in Lima, Peru. Intercorp Financial Services Inc. is a subsidiary of Intercorp Per√É¬∫ Ltd."
ABQK.QA,Ahli Bank Q.P.S.C.,QAR,Financials,Banks,Banks,DOH,Qatar Exchange,Qatar,,,,,,,http://www.ahlibank.com.qa,"Ahli Bank Q.P.S.C., together with its subsidiaries, provides corporate and retail banking services in Qatar. The company operates through two segments, Retail and Private Banking and Wealth Management; and Corporate Banking Treasury, Investments and Brokerage Subsidiary. It also provides brokerage services. The company offers account products, such as savings, current, and call accounts; loan products that include salary advance, overdrafts, auto loans, personal loans, and mortgage loans; term deposits; and card products, such as credit, debit, cash back, contactless, and payroll cards. It also provides insurance services and various savings and investment products and services. In addition, the company offers financing solutions that include medium and long term loans, syndicated loans, contractor, working capital, equipment and fleet, real estate and project, and structured finances; wage protection systems; and corporate solutions, such as hedging solutions, forwards, swaps, options, interest rate hedging's, interest rate swaps, interest caps and floors, ISDA agreements, investment solutions, fixed income products, and structured deposits and notes. Further, it provides import services that include documentary credits and collections, and shipping guarantees; export services, such as LC advising and confirmation, and documentary collections; and guarantee services that include big bonds, performance bonds, advance payment and payment guarantees, counter guarantees for other banks, and avalisation of promissory notes/checks. Additionally, the company offers financing products, such as pre and post shipment finance, open account finance, and invoice discounting. It serves customers through 14 branches and ATMs comprising 20 in branches and 55 off-site ATMs, as well as contact centers, mobile and online banking. The company was founded in 1983 and is based in Doha, Qatar."
AHCS.QA,Aamal Company Q.P.S.C.,QAR,Industrials,Capital Goods,Industrial Conglomerates,DOH,Qatar Exchange,Qatar,,,,,,,http://www.aamal.com.qa,"Aamal Company Q.P.S.C., together with its subsidiaries, engages in the property, trading and distribution, industrial manufacturing, and managed services businesses in Qatar and internationally. The company's Property segment is involved in leasing the facilities of retail outlet complex, real estate investments, and property rental businesses. Its Trading and Distribution segment engages in wholesale and/or retail distribution of pharmaceutical and consumable items, automotive goods, home appliances, medical equipment, tires, lubricants, batteries, car spare parts, and office supplies products. This segment also provides industrial printing and laminating solutions; supplies, installs, commissions, and maintains air conditioning and refrigeration equipment; offers hospital information systems; and operates a chain of pharmacies, as well as sells footwear and general commercial trading products, and engages in clinical activities. The company's Industrial Manufacturing segment is involved in the manufacture, wholesale, and/or retail distribution of electric cables and tools, aggregates, ready-mix concrete, cement blocks and bricks, interlocking slabs, curb stone, and concrete pipes; provision of services in relation to industrial investment, repair, and construction of power plants; purchasing and leasing of ships; trading electromechanical equipment and cables; and management of industrial enterprises. Its Managed Services segment offers housekeeping and cleaning, facilities and support, energy, and entertainment and amusement services; and IT support, business process outsourcing, travel agency, and call center services. The company also trades in light emitting diode lamps and other lighting products; and provides facilities management, energy, and building maintenance and cleaning services. Aamal Company Q.P.S.C. was founded in 2001 and is headquartered in Doha, Qatar. Aamal Company Q.P.S.C. is a subsidiary of Al Faisal Holding Company W.L.L."
1010.SR,Riyad Bank,SAR,Financials,Banks,Banks,SAU,Saudi Arabian Stock Exchange,Saudi Arabia,,,,,,,http://www.riyadbank.com,"Riyad Bank provides various banking products and services in the Kingdom of Saudi Arabia. The company operates through Retail Banking, Investment Banking and Brokerage, Corporate Banking, and Treasury and Investments segments. The Retail Banking segment offers deposits, credit, and investment products for individuals and small to medium sized businesses. The Investment Banking and Brokerage segment provides investment management services; and asset management services related to dealing, managing, arranging, advising, and custody of securities. The Corporate Banking segment offers current accounts, deposits, loans, overdrafts, and other credit facilities. The Treasury and Investments segment offers money market, trading, and treasury and derivative products and services, as well as manages investment portfolios. The company also provides saving account and term deposit products; personal, car, and home finance; Islamic banking products and services; and digital banking services. In addition, it owns, buys, and sells real estate; and acts as an agent for insurance products. It operates through a network of approximately 341 branches in the Kingdom of Saudi Arabia; a branch in London, the United Kingdom; an agency in Houston, the United States; and a representative office in Singapore. Riyad Bank was founded in 1957 and is headquartered in Riyadh, the Kingdom of Saudi Arabia."
1020.SR,Bank AlJazira,SAR,Financials,Banks,Banks,SAU,Saudi Arabian Stock Exchange,Saudi Arabia,,,,,,,http://www.bankaljazira.com,"Bank AlJazira provides a range of Shari'ah compliant banking products and services for individuals, corporates, small to medium sized businesses, and institutions in the Kingdom of Saudi Arabia. The company operates through Personal Banking, Corporate Banking, Treasury, Brokerage and Asset Management, and Takaful Ta'awuni segments. It offers various personal banking products and services, including saving and current accounts; real estate and personal financing services; safety deposits; money transfer; investment products; and ladies and e-banking services. The company also provides Islamic funding services; global transaction services, such as cash management, trade financing, and corporate payroll services; syndication financing services; and commercial and online banking services, as well as services for the public sector and financial institutions. In addition, it offers investment banking services comprising brokerage and asset management services, as well as corporate investment banking services through initial public offerings, private placement, capital increase, and underwriting. Further, the company provides private banking products and services, including ATM and credit cards, safe deposit lockers, trading commission, foreign currency exchange, short term deposits, and structured products; real-estates investments; wealth management services; and treasury services, including naqa'a and thrift saving programs, foreign exchange, FX forward, structured products, and hedging solutions, as well as margin financing services. As of December 31, 2020, it operated a network of 79 branches and 62 Fawri remittance centers. The company was incorporated in 1975 and is headquartered in Jeddah, the Kingdom of Saudi Arabia."
29P.F,Polarcus Limited,EUR,Energy,Energy,Energy Equipment & Services,FRA,Frankfurt Stock Exchange,United Arab Emirates,,,,,,,http://www.polarcus.com,"Polarcus Limited, a geophysical service company, provides marine seismic data acquisition and processing services to oil and gas companies. The company operates a fleet of seismic vessels with 3D and 4D imaging capabilities; and offers a library of 3D multi-client projects. Its geophysical solutions include RightFLOW that integrates and accelerates seismic data acquisition and processing workflow; Cirrus, a suite of cloud-based applications and services designed to bring clients closer to acquired seismic data; XArray, an acquisition configuration to deliver un-interpolated data; and XArrayOBN, a hybrid technique combining towed streamer acquisition and ocean bottom node operations; and XArray 4D, which retains the 4D repeat sub-set of the baseline for analysis. The company operates in the Asia Pacific, Russia, Australia, Europe, Africa, the Middle East, the United Arab Emirates, Mauritania, Mexico, and North and South America. Polarcus Limited was incorporated in 2007 and is headquartered in Dubai, the United Arab Emirates."
29P.MU,Polarcus Limited,EUR,Energy,Energy,Energy Equipment & Services,MUN,Munich Stock Exchange,United Arab Emirates,,,,,,,http://www.polarcus.com,"Polarcus Limited, a geophysical service company, provides marine seismic data acquisition and processing services to oil and gas companies. The company operates a fleet of seismic vessels with 3D and 4D imaging capabilities; and offers a library of 3D multi-client projects. Its geophysical solutions include RightFLOW that integrates and accelerates seismic data acquisition and processing workflow; Cirrus, a suite of cloud-based applications and services designed to bring clients closer to acquired seismic data; XArray, an acquisition configuration to deliver un-interpolated data; and XArrayOBN, a hybrid technique combining towed streamer acquisition and ocean bottom node operations; and XArray 4D, which retains the 4D repeat sub-set of the baseline for analysis. The company operates in the Asia Pacific, Russia, Australia, Europe, Africa, the Middle East, the United Arab Emirates, Mauritania, Mexico, and North and South America. Polarcus Limited was incorporated in 2007 and is headquartered in Dubai, the United Arab Emirates."
