,ECH,EIDO,EPU,EWW,EWZ,INDA,KSA,QAT,UAE,VNM
2006-01-31,,,,,,,,,,
2006-02-28,,,,-0.014160845543720879,-0.003144525318471092,,,,,
2006-03-31,,,,0.0013058070585987291,-0.03057515496874119,,,,,
2006-04-30,,,,0.05633817488069104,0.10763471931986324,,,,,
2006-05-31,,,,-0.1118516611427317,-0.16497187164769878,,,,,
2006-06-30,,,,0.03280482417306474,0.05872823696926943,,,,,
2006-07-31,,,,0.07213995381155902,0.008946837687558107,,,,,
2006-08-31,,,,0.038664358745820415,-0.007600904655394203,,,,,
2006-09-30,,,,0.044476752157511124,-0.01787083771384912,,,,,
2006-11-30,,,,0.038304139728244646,0.05669389482658049,,,,,
2006-12-31,,,,0.07189566161616101,0.0780501419263826,,,,,
2007-01-31,,,,0.023024078288178096,0.008537682443675587,,,,,
2007-02-28,,,,-0.03719215659505348,-0.030264713724177494,,,,,
2007-03-31,,,,0.07032466610235932,0.07420365589665034,,,,,
2007-04-30,,,,0.024430851579917423,0.06785853335521841,,,,,
2007-05-31,,,,0.13568209475870963,0.12804393998200125,,,,,
2007-06-30,,,,-0.015908259982968742,0.035925311431267204,,,,,
2007-07-31,,,,-0.049628255149117506,0.035493151042447435,,,,,
2007-08-31,,,,-0.005783288248139784,-0.03223255552995674,,,,,
2007-09-30,,,,0.005816929226576173,0.19496373193514582,,,,,
2007-11-30,,,,-0.06221730403330217,-0.05432271174285064,,,,,
2007-12-31,-0.016016215914928522,,,-0.016586946756258714,0.011788574983320865,,,,,
2008-01-31,-0.01770621608150158,,,-0.00946422237907485,-0.05216847885946263,,,,,
2008-02-29,0.026619463379405905,,,0.0019831113388411037,0.09203815377383306,,,,,
2008-03-31,0.07676584691600663,,,0.06333193927862224,-0.0778166493306961,,,,,
2008-04-30,-0.02028839628755097,,,-0.011336588357526933,0.17253042286249265,,,,,
2008-05-31,-0.004257381484850442,,,0.07787097000399168,0.09875999703095784,,,,,
2008-06-30,-0.10253625175254222,,,-0.08712415473101753,-0.09381094338680263,,,,,
2008-07-31,0.03700466097256494,,,-0.049876991539332116,-0.09015554515913993,,,,,
2008-08-31,-0.059966010767933176,,,-0.034935527244440046,-0.09675043919227633,,,,,
2008-09-30,-0.107592551918261,,,-0.10610993684139503,-0.232624813974309,,,,,
2008-11-30,-0.027374576857373434,,,-0.048867484528113625,-0.06638334394639944,,,,,
2008-12-31,0.015121246406198718,,,0.11208090012857919,0.04096117290851775,,,,,
2009-01-31,0.12843701521849638,,,-0.14192742153477778,0.014575231598466631,,,,,
2009-02-28,-0.004457538452960708,,,-0.1375947142946723,-0.036619558854515066,,,,,
2009-03-31,0.030447512629520723,,,0.14405347665063406,0.10233956171865377,,,,,
2009-04-30,0.07097385137920353,,,0.14348455556650075,0.19628607042679236,,,,,
2009-05-31,0.19664586234965542,,,0.17605642983353964,0.22394673630812445,,,,,
2009-06-30,0.0334108837126772,,,0.008725842977368004,-0.032355917110697296,,,,,
2009-07-31,0.027593956955778598,,0.09672349008362069,0.10689081198339068,0.08740797184685722,,,,,
2009-08-31,-0.044038585925900486,,0.01763893107230019,0.03995136749571104,0.010590290648983425,,,,,
2009-09-30,0.07617949406487878,,0.1425535412099468,0.029460097841047972,0.16199959067152214,,,,,0.05971275628776351
2009-11-30,0.06816258251862495,,0.0677417867059873,0.09885265728154069,0.11099860554631125,,,,,-0.11177289653282685
2009-12-31,0.0695773411255749,,-0.008137363841490552,0.0307924075099566,0.0073026812244587624,,,,,0.007002849876977413
2010-01-31,0.017886315983387968,,-0.07431240646825887,-0.05872686724832743,-0.13295821185158163,,,,,-0.04080020538920093
2010-02-28,0.0175722211369449,,0.03237568776827526,0.05739105000498079,0.0568868702778349,,,,,0.026993749105349796
2010-03-31,-0.031894234075916184,,0.07359965489256903,0.09724510365744887,0.07708032988252977,,,,,0.001991095041801616
2010-04-30,0.02748472527739665,,0.024626938074359783,-0.007120084066823962,-0.018739836929030806,,,,,0.05763126961476828
2010-05-31,-0.018423481847488765,,-0.022527596089812696,-0.07737311379920941,-0.12095194149393729,,,,,-0.08680957832862035
2010-06-30,0.03198850111632878,0.09312513848903659,-0.004562862900874265,-0.015918199171041203,-0.02258194168196337,,,,,0.026337603354718242
2010-07-31,0.10513334826785692,0.07562004422762203,0.056192603827966314,0.06410493267373263,0.13828192224654146,,,,,0.006014400466308523
2010-08-31,0.07980831543237765,-0.029965563583390087,0.04332514406725907,-0.05631848933715411,-0.0373683427860908,,,,,-0.05579927096699111
2010-09-30,0.09416064765167631,0.15168326906620044,0.17577312751123086,0.10189230553453088,0.13579316831022092,,,,,0.03208136802551498
2010-11-30,0.010417103900990599,-0.07285428154404139,0.019053923881924284,0.02746845981620205,-0.028426708570540304,,,,,0.012924146118030944
2010-12-31,0.03920357479628911,0.046888204426276836,0.061344317113812386,0.052938922592710824,0.07015785936202978,,,,,0.05732210912124058
2011-01-31,-0.10351759526372417,-0.10893478495929265,-0.03792743929588771,-0.018733835912800312,-0.05426356293852774,,,,,0.10771599065531712
2011-02-28,-0.02073995141134477,0.059390855522216235,-0.01816302540150161,0.005925000847639694,0.0146175269751192,,,,,-0.1637933014253511
2011-03-31,0.028048126114093908,0.08663982907111167,-0.03918891343244679,0.028304773454374876,0.04362473057216665,,,,,-0.021443180618199054
2011-04-30,0.0890867098841972,0.03350116098649902,-0.08285521049186328,0.023229771324096093,0.0027095126985345885,,,,,0.007164165934995248
2011-05-31,-0.015848710169748537,0.029173148915191627,0.050830654798324604,-0.030321560047113283,-0.032166620068444396,,,,,-0.143514943881077
2011-06-30,-0.008402092141129969,0.013883387698989225,-0.13143423520113473,0.01044502979488815,-0.009898215263888677,,,,,0.019052226339409284
2011-07-31,-0.07655608550674753,0.06904068853289358,0.14080606461056822,-0.011988709957423516,-0.037900168846361715,,,,,-0.06327881452487649
2011-08-31,-0.028735266318724917,-0.039742857395529185,-0.025874223223159576,-0.049021031406430327,-0.0718435967287877,,,,,-0.007676686574171643
2011-09-30,-0.21301788675894306,-0.2136335599789242,-0.15904150540135864,-0.16672349816461296,-0.2059544012902802,,,,,-0.11036606664855086
2011-11-30,-0.06425945253454546,0.0010055581677486103,0.038237786322304235,-0.004522546489382551,-0.05371196391919253,,,,,-0.12089709582689678
2011-12-31,-0.01757973072629959,-0.012173875103312692,-0.05534236499786349,-0.016522950957401417,-0.0202105875062516,,,,,-0.08493827001902265
2012-01-31,0.07814962585888252,0.03616511029269187,0.1269218856281964,0.08203122962451492,0.14305612318652505,,,,,0.1752575527756739
2012-02-29,0.09128869961478925,-0.016463694818234953,0.014107201996042207,0.020113597004412398,0.05457334488285248,,,,,0.1204679149251795
2012-03-31,0.005891073632411592,0.03582196134305371,0.06499427965727778,0.053589431497063966,-0.06533664360246816,-0.0442307628936085,,,,-0.0010437883456897445
2012-04-30,-0.013909267385974644,-0.0003232868412536005,-0.01584553144412948,-0.010876431095992456,-0.06804865558347861,-0.04869219635549149,,,,0.09038650993841957
2012-05-31,-0.11581276762130077,-0.13255743019112798,-0.077361554846899,-0.11901696679493845,-0.1364085993003672,-0.12013536662056368,,,,-0.13033059173330164
2012-06-30,0.047262311397962,0.07800802933317708,0.018886558730885072,0.13903158849139108,0.013282558799486699,0.088824606604885,,,,0.012121400903322366
2012-07-31,-0.004065530567093245,0.0391063795555493,-0.04587433214929937,0.011228484521645044,0.014506794932192868,-0.021276657661546516,,,,-0.03919459274284709
2012-08-31,-0.018615569673164467,-0.0473792577490435,0.009389248166492559,-0.012230686782851663,0.005148037907336311,0.014492829752587033,,,,-0.033994196312758795
2012-09-30,0.033610603884204115,0.053615352557558005,0.08544675269066904,0.06533067124423075,0.025416821645516396,0.13392847111574757,,,,-0.05865111275834789
2012-11-30,-0.024207923112006702,-0.017060449158758706,0.0036109947868470105,0.026400340860019078,-0.03317718998510244,0.0416667810141611,,,,-0.010786755919203639
2012-12-31,0.05442813969715732,0.012471410857043397,0.04816521387696793,0.05120834226233528,0.09480196201161717,0.018640574151814304,,,,0.17968458462593562
2013-01-31,0.0585073348287215,0.01718452710397278,0.010026804863181749,0.043811443284438756,0.014837559897821428,0.035074392325501025,,,,0.18888884995840782
2013-02-28,-0.012698184860841955,0.10818695347541762,-0.030211725814933366,-0.031241616224691904,-0.028888415839851134,-0.07882144850932371,,,,0.0014016950679327511
2013-03-31,-0.017854418240355163,0.02140145433564533,-0.010903496748602581,0.04584953537021108,-0.011790526010293956,0.005198323173492669,,,,-0.04759658813398615
2013-04-30,-0.03343079688133488,0.02095302904142171,-0.10438700215238705,-0.030030528511320043,0.012298289340763269,0.0552902523019434,,,,-0.044096090630734386
2013-05-31,-0.08766340311256804,-0.049479881202651566,-0.09280409099785536,-0.05542529311216926,-0.07724367333517779,-0.05427816103691874,,,,0.08252176081700746
2013-06-30,-0.0491128672419866,-0.06624945637998991,-0.04364314054086116,-0.03805458994219979,-0.12132858846619432,-0.06416917566800606,,,,-0.11931818309868991
2013-07-31,-0.09592879199296522,-0.06993892200423346,-0.059013605252876467,0.012566871916776412,-0.008207970622474359,-0.029812523591829843,,,,0.008064346386686294
2013-08-31,-0.026526807262103214,-0.20593293380461042,0.062305509155169414,-0.06810962249546926,-0.02551745373607517,-0.10579461166219528,,,,-0.0799999796915064
2013-09-30,0.05978009916246463,0.02476083268210094,-0.0428972066683635,0.03768077184817731,0.13021927156132573,0.09425632027798247,,,,0.03826095282428099
2013-11-30,-0.05076973886002012,-0.10007786371768523,-0.09477559457516904,0.02735750302845985,-0.0639953547239801,-0.018488562115008933,,,,0.03161224962055442
2013-12-31,0.0015252196953290387,-0.008448575977870854,0.06522014545341404,0.02497664938532096,-0.03561779472418736,0.04061254774794576,,,,-0.009108227408683778
2014-01-31,-0.1448117138371029,0.01576199954466473,-0.03565057682171202,-0.07514688799829661,-0.12175469805385153,-0.05613881270821308,,,,0.12134120735181808
2014-02-28,0.07777506581957949,0.10172422593390773,0.02957475430586287,-0.04086496327873179,0.04485262737736928,0.038083007261025204,,,,0.03749436908973203
2014-03-31,0.04019152515600455,0.0813769955711321,-0.03351285648572011,0.06017900750811633,0.09853621564937098,0.08944740259174377,,,,-0.007777095126336175
2014-04-30,0.010537870367990365,0.0014472340370228487,0.07027880112397233,-0.0010949106430102606,0.04440510383614793,-0.0018917620196365892,,,,-0.07422782272697281
2014-05-31,0.01824896788605046,-0.009754242527627466,0.012540033958001295,0.036631307556135306,-0.011692337552488663,0.07922676759543923,,,,0.009462257718681588
2014-06-30,-0.018541115169810718,-0.027033238870403542,0.025970718599357623,0.02734723768977676,0.04823612642453723,0.04730196104370554,,-0.19521184751932608,-0.19031338170758527,0.026147049007807732
2014-07-31,-0.041216538128886815,0.0515540768816114,0.014340349849205625,0.008553394558381111,0.015068847083755665,0.0006725098513555849,,0.1313500859248593,0.15971252324354568,0.006249859408359315
2014-08-31,-0.0032183659164057854,0.03640963301767619,0.007487374709256089,0.049568756452759155,0.1072169190172243,0.04301082809438639,,0.030744251751714913,0.002481249732583235,0.10367905167450675
2014-09-30,-0.01660505475976448,-0.05321753390517081,-0.05652454920627936,-0.04249097811976754,-0.19087538625837752,-0.024484656030553165,,0.02982746581652318,0.008250611929994767,-0.05194812062641829
2014-11-30,-0.022983245538230612,-0.0021760195569779928,0.008154799069918228,-0.0455806273331375,-0.03214619386880735,0.0031359171001523745,,-0.0035555856710997036,-0.006098322833657632,-0.04351925063745277
2014-12-31,-0.04104758652389917,0.0004884051216711427,-0.03804989333728237,-0.08251044320300516,-0.11522952340504733,-0.06005759399799182,,-0.07176113187679167,-0.12354601923633568,-0.03332299298243124
2015-01-31,-0.044622759626092634,-0.030247994559029157,-0.06883614347508504,-0.05287100608240192,-0.06179939057421091,0.07178619138603004,,-0.039281349771993934,-0.04776748175888512,-0.048386748705797955
2015-02-28,0.08396744506591891,0.03645282043951381,0.0033602973919490964,0.07040011520651368,0.031186506189550434,0.04267934213878766,,0.0622008526069302,0.06052333639497287,0.07326387552412683
2015-03-31,-0.024691256396056627,0.006163807543648536,-0.04688545267977373,-0.03736930116813497,-0.11334074278192818,-0.04421873739439108,,-0.04700050684431911,-0.07043698432793466,-0.14009197615678315
2015-04-30,0.04790278121123759,-0.10774788686391323,0.07413915808855553,0.011387167534768983,0.154287190331025,-0.0812752683467286,,0.04189911621408737,0.18692496364086275,0.06812841975784001
2015-05-31,-0.02273820034648144,0.03836826911701463,-0.033039106624463854,-0.001876550817651701,-0.10880971241788984,0.0394689785606559,,-0.008161937344182135,-0.05843681428407188,-0.018857454582171362
2015-06-30,-0.06268199375818118,-0.08706357628014283,-0.006356884888884973,-0.01697264867638726,0.0341667929299474,-0.00533164223809468,,-0.020923336097374734,0.014166082859822904,0.0537022559463205
2015-07-31,-0.06295900812066724,-0.027190332011825413,-0.07647510164138316,-0.013482723889129189,-0.124504152545862,0.026767898104422372,,-0.039435955642743714,0.026091238637692138,-0.014484673970045603
2015-08-31,-0.0193168960360669,-0.11579408122784063,-0.13962096997004003,-0.06194529781148117,-0.1327990254238096,-0.09591237428107446,,0.004128422232807516,-0.08850882193017151,-0.11377238273834189
2015-09-30,-0.05909231483317834,-0.11239321291613213,-0.04359096551845165,-0.024408634296935516,-0.11776515860898251,0.017087868711715526,,-0.035723964543041165,-0.054720808903778395,-0.04914026163501295
2015-11-30,-0.07022071544317587,0.013399656789161885,-0.06108619094392409,-0.02065043640191877,-0.01530389408516386,-0.035814689739151584,0.005608822622374721,-0.13213616088488644,-0.06323619829159455,-0.08254701532506292
2015-12-31,-0.012497270523143311,0.024011561830982187,-0.057091353140143686,-0.05640271051696433,-0.07151013559936148,0.008866419012210747,-0.034704149334076395,0.023466568732527282,-0.002322744310106706,-0.013026504364825997
2016-01-31,0.02224294924667447,0.03737370510355764,-0.02923666882187692,-0.028898415158842505,-0.0411024712780198,-0.055272545278920004,-0.13294829001428488,-0.08817443475466624,-0.09108143238513389,-0.0561188737172964
2016-02-29,0.017162154273545616,0.048037090102216684,0.11893811549316524,0.0018601866382488286,0.03328283228569151,-0.07544273432249604,0.005761972396364001,0.06769070094538421,0.12178143503599514,0.0
2016-03-31,0.11178063564805951,0.03834298686695092,0.20209903634465354,0.10767315176050296,0.28355286906696886,0.12905912400582897,0.051086281919850096,0.06925932481286368,0.032878275004286195,0.0028654121659374976
2016-04-30,0.033333418189156916,-0.01994923602713683,0.1882348170403656,0.0063314819446997905,0.12205345077975438,-0.002212459750588369,0.09117135538430321,-0.019930105866882042,0.04594597255583266,0.030000014651645257
2016-05-31,-0.07684241652120849,-0.031182305859198234,-0.06834865965216808,-0.07698015616415554,-0.13791938283526772,0.02106426112453952,-0.0381441015694165,-0.07117426815054273,-0.05483769191598542,-0.0013871521619374105
2016-06-30,0.06495922980094404,0.10527763296571702,0.06558721137724155,0.021753333671232555,0.19510764647435397,0.016683110836077653,0.014666481817288135,0.038357814564689896,0.03274567600104139,0.015277845044216143
2016-07-31,0.04483695358993467,0.06214220328932751,0.1113630096110414,-0.013698671360998227,0.10139162427673853,0.05838120800766555,-0.04062183611214043,0.06834307788223937,0.04121903942728977,0.038987779973807646
2016-08-31,-0.050195069103934564,-0.017705770220298067,-0.06845342541951238,0.015901804164425437,0.008423588444302466,0.0003383765599789257,-0.02797324980982263,0.034288802973468036,-0.00129047217356415,-0.0006582757241387904
2016-09-30,0.010131428357800898,0.03605039030173951,0.03814887443046033,-0.03942928222170272,0.006264894662569631,-0.005074435294814439,-0.04351454327119486,-0.0388422060888034,-0.0003520763270239424,-0.005270101409376227
2016-11-30,-0.06254694717211484,-0.11047627185863884,-0.020408240924870036,-0.13200878512996217,-0.11308252794378504,-0.07265837160342903,0.14773027441995934,-0.06862229039691814,-0.01370966640018001,-0.06629451153678645
2016-12-31,-0.0009332790265021984,0.03451863420070378,0.022794488016667502,0.0011222402957411504,0.008150865970512067,-0.0016839502774892434,0.019679927296526012,0.0719909665912708,0.050543548864767196,-0.0011267162876908987
2017-01-31,0.039016878077712924,0.011603634238686045,0.0682924787445256,0.01910363705945728,0.10587881033352864,0.05781420691516148,0.0017026043125174528,0.017838371388559038,0.028415966771625056,0.039877465886747565
2017-02-28,0.03626535343692816,0.003277295529578783,-0.022830854068516815,0.028341742059144748,0.02332496984555399,0.04619186340958081,-0.02632612820140079,0.015979483907934133,-0.00881838155044834,-0.003687261613025239
2017-03-31,0.08116155470584108,0.053083057944674605,-0.004672704514105286,0.11046032158676256,-0.007155758355500197,0.0613414044057925,0.008322448435828633,-0.00913245099614124,-0.004448499992066979,0.03774969647051263
2017-04-30,-0.01423351176876797,0.02093830431637911,-0.021126837253276576,0.011530104666844343,-0.007741838385988187,0.01873616262638822,0.00495221621523112,-0.020481287820599547,0.011021709234104948,0.0014266028677363263
2017-05-31,-0.0006983232311703613,0.008735149581712509,0.030575627020247742,-0.0027048440708458132,-0.05380684006550118,0.014650566025357747,-0.006129943892355216,-0.013486687433041489,-0.0047141533730726826,0.028489910929828
2017-06-30,-0.013123938595789864,0.03705366822279044,0.0030724058100024543,0.05630814786539573,-0.02138548586464073,-0.010049674807102282,0.10452402218805568,-0.09899139156054548,0.017696445579677533,0.033933637175133535
2017-07-31,0.09095231780975843,-0.012495364746720417,0.04960117847793688,0.0437522713807057,0.10720574791677828,0.07040505522702256,-0.04575973161857483,0.07640586537721816,0.059175174321021595,-0.010046879275037002
2017-08-31,0.05917305242995252,0.0003722767587803766,0.053164931624478884,0.003019672861645839,0.05820108767419452,-0.007275858425077386,0.008926244896538593,-0.07013061461993664,0.002821801608434482,-0.006766014434287704
2017-09-30,0.009760976022250567,-0.007068615574137516,0.03605756399963833,-0.03293792834344411,0.04224987946875225,-0.03693948907425526,0.001148971988658154,-0.04067185827650566,-0.02279130096799087,0.01566761960702645
2017-11-30,-0.1216269558955626,-0.0007491180569398903,-0.01864706908599334,-0.0027820012422279383,-0.03659472978478295,-0.01305346170871613,0.002777591821039316,-0.08261747117716889,-0.059785656542151955,0.05742810834623713
2017-12-31,0.16226405230928465,0.06676191497001582,0.017808799975460143,-0.007988114871664953,0.05635517797993317,0.044943306782877945,0.04998115881983756,0.1671471051310074,0.013869403677234438,0.06672182545836502
2018-01-31,0.07285274200975667,0.04783693479554918,0.055636679436687375,0.07750064822029801,0.15179217149001523,0.032714211394996306,0.05882336904928254,0.04592576052340869,0.045654846993087306,0.10011169870518799
2018-02-28,-0.04020720671280653,-0.03961062184255271,-0.03097529302366442,-0.06025233920170492,-0.023824707037832682,-0.07865764419890497,-0.03751791395405146,-0.05925403068255575,-0.049354152694707776,-0.05033036955036485
2018-03-31,-0.012846640423795241,-0.05767231787483984,0.015505833459273477,0.03225805835407769,-0.01319264466540726,-0.005536134275871518,0.09782609821208532,0.04115446961687885,0.0023953623381902656,0.04710923757780794
2018-04-30,0.01433396005675558,-0.059346926536940514,0.02795381608797398,0.0015527889966828745,-0.05748639235258779,0.024025706283317794,0.04404247811706319,0.03121221414142239,-0.012544709092993434,-0.08588954505374446
2018-05-31,-0.07195960926944578,0.006308980671642983,-0.03702007929519646,-0.13410846869378457,-0.1579199087361588,-0.03719585810308457,0.014715442741285223,0.02197042055746845,-0.01270423863488468,-0.06655487080851508
2018-06-30,-0.05996169359190762,-0.08295751323644318,-0.05979940711591425,0.06863787749723027,-0.08531211833478514,-0.009338899097277586,0.020341821847887465,-0.023057815494344047,-0.02646106539079529,-0.043139513070490576
2018-07-31,0.04734990317406851,0.03482806368470803,0.03490461877388462,0.10267287346627119,0.12636519191772533,0.0702915782394562,-0.004781755290097167,0.08611625470952888,0.037450796112488804,0.030682295865620546
2018-08-31,-0.10120280897558331,-0.01682799549165137,-0.09010359170132276,-0.031550469260930414,-0.10110798236204821,0.0014030854004336568,-0.05509274088899385,0.01362780101046357,-0.015199403399341893,0.006075548956422594
2018-09-30,0.04545461799303574,-0.017115925284795552,-0.0010821763827552067,0.01767963383818083,0.03944521451029437,-0.08996624420950639,0.011559207465840604,0.0016664304120661555,-0.018006486181013637,0.015096676886994898
2018-11-30,0.03660904110384444,0.12312580903764991,0.01262537497894578,-0.041587257062533634,-0.008717284286098193,0.10467011744018118,-0.03970401419692915,0.042597836670374756,-0.04677207960099505,0.034255439990310776
2018-12-31,-0.03647477608020522,0.005989502248206824,0.010442898341355145,0.03074399535169925,-0.02541768354464502,0.008040231178786605,0.027692016266712693,-0.03894715010290495,-0.048178935420074454,-0.05276920718695299
2019-01-31,0.1282299680806378,0.11522973771061307,0.0636618117063319,0.09276382058607191,0.18769638999829064,-0.01619682583436899,0.10522684601778498,0.05192011599710833,0.038685968126762615,0.07389819418560051
2019-02-28,-0.03424655219965289,-0.0704480268159513,0.02489410196876185,-0.032000376297056654,-0.052236985387704604,-0.0033536112676170182,-0.004071521417638224,-0.05655546152234048,0.03724554953302417,0.05303048398231214
2019-03-31,-0.04299622428123695,-0.0019431392279274373,0.015245672653558584,0.000688744817957776,-0.04674427351897581,0.0783113714744963,0.04716985264795337,0.008174403934583907,-0.0022359150886911427,-0.007194409573276106
2019-04-30,-0.010421702989119264,0.017133794324628138,-0.02952406043519218,0.058729337704895634,0.009758454323167909,0.007375964633086429,0.05555555930408129,0.024324374540799054,0.04970456466653861,0.0066425926705069305
2019-05-31,-0.0985255703799347,-0.031010621445730413,-0.08182549917882653,-0.06998932880367337,0.006281961006791903,0.013235685384655582,-0.08250352690902141,-0.03430094831503949,-0.08726312084081755,-0.02879434579470841
2019-06-30,0.08106846133931822,0.043975006086770074,0.07769639208621193,0.031230813751139008,0.06306348359087321,-0.009968339557723804,0.033002390247722335,0.011601526989153621,-0.006247209226746708,-0.010500221752934968
2019-07-31,-0.05849259287076103,-0.010388604341248109,-0.031587440414234225,-0.04864000643821331,0.0178407318607674,-0.06515565289725822,-0.014536705897301827,-0.013974515232177187,0.06940131317868614,0.009987466061444739
2019-08-31,-0.07226399741610745,-0.020606476187930323,-0.05603575622697865,0.005815383872689983,-0.07887625092404904,-0.02484851188090431,-0.06883839709072637,-0.020067937238256506,-0.037666733518347706,-0.0309022527040006
2019-09-30,0.04903343676189165,-0.028582900431170843,0.0354400580212233,0.029149554319400917,0.027811638040999842,0.043194486115171626,0.00594061982039662,0.01585106406680903,-0.02757825352772314,0.040178407198945276
2019-11-30,-0.1314799936330523,-0.03725965960131994,-0.028563585325639185,-0.017828805189651575,-0.047757567951465796,-0.005483482298813458,0.01839011322389994,-0.003983942847134103,-0.03074501318919165,-0.017262508816588418
2019-12-31,0.11379915234178517,0.06979462237630862,0.08865411057948447,0.04460616300815423,0.13387341850422008,0.020980631021144003,0.06632052696881852,0.016571503357910133,0.0,0.010832806843490195
2020-01-31,-0.07980807290464742,-0.05767705704440729,-0.0704453379971034,0.018432209778485475,-0.07776595826262622,-0.018776872312915027,-0.03395859209862018,0.01180436223903003,-0.016530055017195733,-0.06879287970640235
2020-02-29,-0.12096506735478119,-0.10587268493859481,-0.09291516294195579,-0.09245532886478869,-0.12340025463408433,-0.06668593164110448,-0.09440912570673998,-0.11833348544736733,-0.07783151569062263,-0.07723310611709078
2020-03-31,-0.19584572816203616,-0.31868640819338023,-0.26120350867199393,-0.31883713201381647,-0.38581861124331973,-0.2510096260128526,-0.11534184037794071,-0.08172642061115398,-0.231527279164766,-0.24017462782169252
2020-04-30,0.16097782884853973,0.10590626776135958,0.09532064624808045,0.03245153651149102,0.04711382340041692,0.12194107451156966,0.06853324337517064,0.09373495368936569,0.11752166392276964,0.1925286224034024
2020-05-31,-0.05085417373457024,0.06261514072017493,0.07990500534873801,0.0895114173239,0.10214829393852098,0.016266122229756208,0.04536547891304643,0.008218789158553008,-0.013384487182313998,0.10040158888692141
2020-06-30,0.07522704193187146,0.05020434358413839,0.05888202186633884,0.0034511969512061036,0.0703150806421633,0.05850539838907598,0.0016035377428962327,0.024428337332650374,0.024585257760971313,-0.018977992546494127
2020-07-31,0.08412687877308178,0.04111093008088251,0.07316221872387918,0.020388862073659864,0.13143264857741377,0.10062017484035146,0.02013684143743344,0.052301890257480776,0.034930148128460514,0.019345124168780314
2020-08-31,-0.0721083121424857,0.04642468763005092,0.03212055996467922,0.011681647554076635,-0.08358933707645799,0.04477130680468111,0.07523285154263082,0.041071462191907715,0.03760852343892185,0.07299280895211435
2020-09-30,-0.04970404225126768,-0.11932680272214302,-0.06319463804705361,0.013673664104487449,-0.07243484219714258,0.014684006381026071,0.02874941185990121,0.02458538649212816,-0.0009296169290443634,0.01020405386025347
2020-11-30,0.1251047022174765,0.19037212128704573,0.13993177523259814,0.1876463452729713,0.23790010371529413,0.08603768354093755,0.10346041459779443,0.06247788564634682,0.12053360259319823,0.08276799141665792
2020-12-31,0.12925790692627892,0.08434676043345557,0.04397387028870314,0.07195572201799716,0.12323425147850275,0.10343828686047929,-0.0014724370213566873,0.021594798609898547,0.004059913419061978,0.10043335282442944
2021-01-31,-0.009268324689944762,-0.04141783239837327,-0.010380622603305523,-0.06513136168542766,-0.07769087245499318,-0.02685233574607071,0.001285646591438816,0.010840075313393038,0.10050824785086387,-0.032590020599267744
2021-02-28,0.049448691484894836,0.01781753085331439,0.0801282982389957,0.011694478234752781,-0.06697865800914582,0.048288161034123034,0.031781717801850684,-0.03592487143359413,-0.013552961227432103,0.04018926603681039
2021-03-31,0.09041693877607693,-0.04376357416504317,-0.08308601623107281,0.07796359810976616,0.048589538923092146,0.02802822502859903,0.11792163490861074,0.04616224410189451,0.046057758848009334,0.02840901241500471
2021-04-30,-0.06861304334750928,-0.00961094025175624,-0.06649011887988088,0.03718914004416751,0.06307900795113341,-0.02750107550204106,0.051488856161044705,0.04253063030277082,0.003731275385388866,0.041436409205015456
2021-05-31,-0.0780564394187081,-0.012939215807898696,0.037188609468549405,0.05829299970604063,0.09420700578261432,0.07947336119098969,0.020116573909312985,-0.013054620184213106,0.10483268628587306,0.04403190286537639
2021-06-30,0.0022240934426989156,-0.044438680802845965,-0.10939366162841835,0.0053594865951684945,0.057891671036713443,0.00025317334505858824,0.032495669668746174,-0.0005366036283040998,-0.015439282152546974,0.05640245057777582
2021-07-31,-0.05624571943310397,-0.009368479316211653,-0.07604952370250084,0.02146272745737643,-0.07745429082168986,0.00994353858782615,0.008117876724941686,-0.001585634713060946,0.0007078789885528458,-0.05964406678217071
2021-08-31,0.04497250356203075,0.0582376297898497,0.001117221549615799,0.0426355725406955,-0.026738015784552593,0.08749153307744417,0.03749371847005256,0.04393881752437534,0.05445533847994022,0.010230005018694088
2021-09-30,-0.09027276583140575,0.020225986216690695,-0.01934503348832839,-0.05576209143472155,-0.1173078237867472,0.0018518930462250172,0.013824831784252645,0.027028103480235544,-0.004694956221279245,-0.02430367793286836
2021-11-30,0.031390273480827124,-0.025490925458259484,-0.045969393613465526,-0.06287496765361589,-0.011255053455342612,-0.027027040623863074,-0.0890377565920828,-0.01840563473679302,0.12027038450769201,0.022167642380314545
2021-12-31,-0.05848322703122455,-0.008126026482516258,0.05879657647877057,0.1322467810358665,0.04132793564347148,0.026168106068479524,0.04547832004687624,0.016267756127938737,-0.009122726428536398,0.028715870578543745
2022-01-31,0.1394542416438438,0.009142503697830096,0.11174874725692785,-0.04051381976618329,0.12646971460490275,0.0006544458649904161,0.11347507281784575,0.07770750724174258,0.03465343171548607,-0.06920895910553293
2022-02-28,-0.011022236231831073,0.04961161418507065,0.05800168921552751,0.036869232078929226,0.04016445344874908,-0.046217568817691346,0.02328143571524688,0.035151014354530385,0.04904310296318881,-0.013151315872013902
2022-03-31,0.11721736536039162,0.017262730359365763,0.06773826351177403,0.09197459450714573,0.14958962926551944,0.018742848575100002,0.018673438465214298,0.04614717814092084,0.08323835853250716,-0.032803587489554475
2022-04-30,-0.12659107087055654,0.018989732738437848,-0.1411288987833096,-0.10078229567511898,-0.13329813110037003,-0.020865999797199497,0.06763592098319071,0.005409989840932772,-0.00947376741410444,-0.0969793392107221
2022-05-31,0.1965341514972132,-0.009516047746117917,-0.030985957357029803,0.05340873581184424,0.0756790176721327,-0.050641682369917396,-0.07696854008088083,-0.059188918873229523,-0.0781083878852844,-0.05868538285208058
2022-06-30,-0.17660232770760254,-0.09169905190738081,-0.14589794218135987,-0.09169388191408578,-0.18660400360170337,-0.049722431416238555,-0.10856120194712748,-0.048188411131680486,-0.08504898292992746,-0.10224456619454614
2022-07-31,0.09846288792945912,0.03261843735964631,0.01449847525783321,0.004507400212056423,0.059510676242714666,0.08407422566867062,0.0647500747383547,0.06408421625084548,0.061815800052877456,0.02291665063609205
2022-08-31,0.05030248525709835,0.028126374384642494,-0.017381104722189122,-0.0544870691305499,0.05168846750795786,0.007966236958952377,0.006126649794145678,0.017078499368173627,-0.010309299165524255,0.04073320106984912
2022-09-30,-0.13575802964891637,-0.018518585836921564,-0.035377447321201294,-0.0004521340903860249,-0.029161161389395618,-0.05206887334917376,-0.0753271303580354,-0.06875809397907617,-0.06924011667985597,-0.13242005256721212
2022-11-30,0.09890566545901414,0.0008420835193745368,0.12980590302721629,0.06584937989729456,-0.03642486937369316,0.04834127226155771,-0.07959826600818631,-0.043518954499789486,0.014659071447024052,0.09417803867533148
2022-12-31,0.025429674036372196,-0.04835608022440785,-0.017090949682139533,-0.06376358056250486,-0.04520116610180591,-0.056509940911865564,-0.03288721853821508,-0.09680695040047949,-0.060185765489958465,-0.06502320035666542
2023-01-31,0.08010341623135986,0.03751692343320001,0.08440872972059466,0.16582406230106428,0.08473372929376422,-0.017968346359875653,0.0395016048103336,0.040553562661850284,-0.022103091001508424,0.0886824682869154
2023-02-28,-0.039302839658995614,-0.013775291127025913,-0.06593751923344571,-0.00017346979916355032,-0.10118665810198701,-0.05342767800022319,-0.07472607846874657,-0.04295429832777364,0.0034245172591940154,-0.12645470164228145
2023-03-31,0.023834968093809472,0.027062384278468077,0.04958659595273196,0.03278965405873979,0.004033788773737612,0.014432957982501327,0.06753044089345339,-0.004926136084486887,-0.03344693339099902,0.08170524726491468
2023-04-30,-0.012856252076658192,0.05184869625482946,0.017716694779258635,0.02267765173187941,0.03250561303468902,0.04471530839939608,0.06300008572859794,0.014301484260849984,0.09180777918420202,-0.0024631000177884887
2023-05-31,-0.005279759254721683,-0.05535351284881085,-0.051257308877185825,-0.016918533648697,0.019455092626128767,0.01410508987540915,-0.028661432015185673,-0.0005423880275253756,-0.05627418825753594,0.023045282842112602
2023-06-30,0.0741964183830528,0.006238559920534348,0.06626631422882712,0.04661375730241746,0.15306628928197652,0.04994930920755647,0.04586772714028298,0.009537162174587888,0.03140063279316552,0.06999196290130993
2023-07-31,0.06100065173104219,0.01778745700469697,0.10440458943185837,0.045834662360897394,0.044403369986908636,0.024256225705395318,0.01790462659200709,0.05921785070127261,0.04914690721594428,0.13157882380134378
2023-08-31,-0.08947018589087619,-0.0187552569159658,-0.053766615905258,-0.051822183674016364,-0.08916449457422071,-0.017649579553631,-0.027810857944814527,-0.052215052761278025,-0.022121064032758264,0.007308973212612591
2023-09-30,-0.07094718292510727,-0.032580331706174026,-0.05775836028489556,-0.05562767124923884,-0.005834588919030104,0.005685670546041965,-0.05281167983130475,-0.03227613427652931,0.017298848603853445,-0.10686016725218173
