drawdown_trigger,vix_min,fwd_days,ticker,n,mean,median,win_rate,outperf_rate_vs_spx,spx_mean,spx_median,spx_win_rate
-0.05,,63,ECH,66.0,0.01649680799516238,0.007069520118965444,0.5303030303030303,0.36923076923076925,0.028761296338144077,0.04302735929699719,0.7101449275362319
-0.05,,63,EIDO,52.0,0.03588305137562488,0.03115531752296763,0.6346153846153846,0.37254901960784315,0.028761296338144077,0.04302735929699719,0.7101449275362319
-0.05,,63,EPU,57.0,0.050158825532281966,0.031588247723067786,0.6491228070175439,0.44642857142857145,0.028761296338144077,0.04302735929699719,0.7101449275362319
-0.05,,63,EWW,69.0,0.037999818340456376,0.052741405376384165,0.6376811594202898,0.5362318840579711,0.028761296338144077,0.04302735929699719,0.7101449275362319
-0.05,,63,EWZ,69.0,0.03176444901480671,0.014542101539946062,0.5507246376811594,0.4492753623188406,0.028761296338144077,0.04302735929699719,0.7101449275362319
-0.05,,63,INDA,42.0,0.023523280337227274,0.021144571172650117,0.6190476190476191,0.4634146341463415,0.028761296338144077,0.04302735929699719,0.7101449275362319
-0.05,,63,KSA,32.0,0.009232921988593313,0.0012915177247776466,0.5,0.3225806451612903,0.028761296338144077,0.04302735929699719,0.7101449275362319
-0.05,,63,QAT,34.0,0.016058375597545936,0.025795285986298433,0.6176470588235294,0.36363636363636365,0.028761296338144077,0.04302735929699719,0.7101449275362319
-0.05,,63,UAE,34.0,0.00981761698307521,0.02086346469550504,0.5588235294117647,0.2727272727272727,0.028761296338144077,0.04302735929699719,0.7101449275362319
-0.05,,63,VNM,56.0,0.001594369924101724,0.0006663275576296313,0.5,0.2909090909090909,0.028761296338144077,0.04302735929699719,0.7101449275362319
-0.05,,126,ECH,66.0,0.03558585524904131,0.034365184341541566,0.5909090909090909,0.4307692307692308,0.05647243387800176,0.0892138927189765,0.7681159420289855
-0.05,,126,EIDO,52.0,0.053983924473178124,0.019289485569077836,0.6153846153846154,0.35294117647058826,0.05647243387800176,0.0892138927189765,0.7681159420289855
-0.05,,126,EPU,57.0,0.09286174422448862,0.06429723750000926,0.6666666666666666,0.48214285714285715,0.05647243387800176,0.0892138927189765,0.7681159420289855
-0.05,,126,EWW,69.0,0.06975976517576059,0.06767039267520492,0.6376811594202898,0.5942028985507246,0.05647243387800176,0.0892138927189765,0.7681159420289855
-0.05,,126,EWZ,69.0,0.06125720013419968,0.06860777338019508,0.6376811594202898,0.4782608695652174,0.05647243387800176,0.0892138927189765,0.7681159420289855
-0.05,,126,INDA,42.0,0.05551014390729821,0.0445058052782934,0.6190476190476191,0.3902439024390244,0.05647243387800176,0.0892138927189765,0.7681159420289855
-0.05,,126,KSA,32.0,0.03832295783461474,0.013140318198169632,0.53125,0.3870967741935484,0.05647243387800176,0.0892138927189765,0.7681159420289855
-0.05,,126,QAT,34.0,0.030099623757407913,0.047009224151034146,0.6176470588235294,0.2727272727272727,0.05647243387800176,0.0892138927189765,0.7681159420289855
-0.05,,126,UAE,34.0,0.022157136959199086,0.010489343672274054,0.5294117647058824,0.30303030303030304,0.05647243387800176,0.0892138927189765,0.7681159420289855
-0.05,,126,VNM,56.0,0.008425173627975837,-0.011692041150841381,0.4642857142857143,0.3090909090909091,0.05647243387800176,0.0892138927189765,0.7681159420289855
-0.05,,252,ECH,64.0,0.05608045131430511,0.021122780471745317,0.515625,0.4126984126984127,0.10709869101017716,0.13765698124245174,0.8208955223880597
-0.05,,252,EIDO,50.0,0.04128718414538648,0.0120642168695686,0.54,0.30612244897959184,0.10709869101017716,0.13765698124245174,0.8208955223880597
-0.05,,252,EPU,55.0,0.12684191740607131,0.09068269890507108,0.6181818181818182,0.4444444444444444,0.10709869101017716,0.13765698124245174,0.8208955223880597
-0.05,,252,EWW,67.0,0.10702608888207979,0.06925593803872077,0.582089552238806,0.43283582089552236,0.10709869101017716,0.13765698124245174,0.8208955223880597
-0.05,,252,EWZ,67.0,0.09458759550847563,0.029144088688617176,0.5522388059701493,0.34328358208955223,0.10709869101017716,0.13765698124245174,0.8208955223880597
-0.05,,252,INDA,40.0,0.11164275564156942,0.060995295561614093,0.75,0.358974358974359,0.10709869101017716,0.13765698124245174,0.8208955223880597
-0.05,,252,KSA,30.0,0.07374095104724794,0.029858357888927545,0.5666666666666667,0.3103448275862069,0.10709869101017716,0.13765698124245174,0.8208955223880597
-0.05,,252,QAT,32.0,0.02573201651896459,0.0005873889773796437,0.5,0.25806451612903225,0.10709869101017716,0.13765698124245174,0.8208955223880597
-0.05,,252,UAE,32.0,0.035381334598108605,-0.004222702435380976,0.5,0.22580645161290322,0.10709869101017716,0.13765698124245174,0.8208955223880597
-0.05,,252,VNM,54.0,-0.01257805307105753,-0.02130449055076994,0.46296296296296297,0.09433962264150944,0.10709869101017716,0.13765698124245174,0.8208955223880597
-0.1,,63,ECH,45.0,0.0365679525521301,0.05864599840553031,0.6666666666666666,0.4444444444444444,0.02151623596518189,0.04928208899975495,0.6444444444444445
-0.1,,63,EIDO,31.0,0.02709363190088427,0.035533956358821284,0.6451612903225806,0.43333333333333335,0.02151623596518189,0.04928208899975495,0.6444444444444445
-0.1,,63,EPU,36.0,0.06269047298939744,0.06393457777810829,0.6666666666666666,0.5428571428571428,0.02151623596518189,0.04928208899975495,0.6444444444444445
-0.1,,63,EWW,45.0,0.03787850950864093,0.06649568376378134,0.6666666666666666,0.6444444444444445,0.02151623596518189,0.04928208899975495,0.6444444444444445
-0.1,,63,EWZ,45.0,0.04399828760179083,0.05459151268565465,0.6222222222222222,0.5111111111111111,0.02151623596518189,0.04928208899975495,0.6444444444444445
-0.1,,63,INDA,21.0,0.016272540442561937,0.023880726710973077,0.6666666666666666,0.35,0.02151623596518189,0.04928208899975495,0.6444444444444445
-0.1,,63,KSA,16.0,0.01030614459298048,-0.01679916453028235,0.4375,0.3333333333333333,0.02151623596518189,0.04928208899975495,0.6444444444444445
-0.1,,63,QAT,17.0,4.340467012374586e-05,-0.011444945784641392,0.47058823529411764,0.1875,0.02151623596518189,0.04928208899975495,0.6444444444444445
-0.1,,63,UAE,17.0,-0.013357390603602552,-0.02047347988620607,0.29411764705882354,0.25,0.02151623596518189,0.04928208899975495,0.6444444444444445
-0.1,,63,VNM,36.0,0.013720150186965504,0.016777899886104453,0.5555555555555556,0.3142857142857143,0.02151623596518189,0.04928208899975495,0.6444444444444445
-0.1,,126,ECH,45.0,0.05549541379223923,0.035293964308928505,0.6444444444444445,0.4888888888888889,0.046951132438067165,0.05650792108500102,0.6666666666666666
-0.1,,126,EIDO,31.0,0.05232395082313554,0.03383360140975844,0.6774193548387096,0.3333333333333333,0.046951132438067165,0.05650792108500102,0.6666666666666666
-0.1,,126,EPU,36.0,0.10270732766281411,0.07725804618155929,0.7222222222222222,0.5142857142857142,0.046951132438067165,0.05650792108500102,0.6666666666666666
-0.1,,126,EWW,45.0,0.0796490812023816,0.11385055758670637,0.7333333333333333,0.6,0.046951132438067165,0.05650792108500102,0.6666666666666666
-0.1,,126,EWZ,45.0,0.05837699352877183,0.026448564795257923,0.6,0.4444444444444444,0.046951132438067165,0.05650792108500102,0.6666666666666666
-0.1,,126,INDA,21.0,0.05164206477703929,0.06277466431278445,0.6666666666666666,0.4,0.046951132438067165,0.05650792108500102,0.6666666666666666
-0.1,,126,KSA,16.0,0.025923983929526252,0.039135310309726556,0.5,0.26666666666666666,0.046951132438067165,0.05650792108500102,0.6666666666666666
-0.1,,126,QAT,17.0,0.005590140223798249,-0.0018584576843481138,0.47058823529411764,0.125,0.046951132438067165,0.05650792108500102,0.6666666666666666
-0.1,,126,UAE,17.0,-0.006045674851726331,-0.031848612651174446,0.35294117647058826,0.125,0.046951132438067165,0.05650792108500102,0.6666666666666666
-0.1,,126,VNM,36.0,-0.0032519538747217257,0.03548978987560569,0.5555555555555556,0.2857142857142857,0.046951132438067165,0.05650792108500102,0.6666666666666666
-0.1,,252,ECH,44.0,0.10004990029410799,0.06186929471367719,0.5909090909090909,0.45454545454545453,0.10281321839963707,0.13779317669296742,0.8181818181818182
-0.1,,252,EIDO,30.0,0.07778885000871495,0.03376822867683904,0.7333333333333333,0.3103448275862069,0.10281321839963707,0.13779317669296742,0.8181818181818182
-0.1,,252,EPU,35.0,0.18241725322398436,0.14954829016671334,0.7714285714285715,0.5588235294117647,0.10281321839963707,0.13779317669296742,0.8181818181818182
-0.1,,252,EWW,44.0,0.12945347976516916,0.16276827941166794,0.6818181818181818,0.5,0.10281321839963707,0.13779317669296742,0.8181818181818182
-0.1,,252,EWZ,44.0,0.09625942529118973,0.046180081987023724,0.5454545454545454,0.3181818181818182,0.10281321839963707,0.13779317669296742,0.8181818181818182
-0.1,,252,INDA,20.0,0.11894479218940188,0.10414070497335459,0.8,0.10526315789473684,0.10281321839963707,0.13779317669296742,0.8181818181818182
-0.1,,252,KSA,15.0,0.08442453263694204,0.10092131104403856,0.6666666666666666,0.14285714285714285,0.10281321839963707,0.13779317669296742,0.8181818181818182
-0.1,,252,QAT,16.0,0.0034616682596207426,-0.0017539630737972711,0.5,0.06666666666666667,0.10281321839963707,0.13779317669296742,0.8181818181818182
-0.1,,252,UAE,16.0,0.01372433647441091,-0.01109597116190325,0.5,0.06666666666666667,0.10281321839963707,0.13779317669296742,0.8181818181818182
-0.1,,252,VNM,35.0,-0.010608481499304908,0.008540982213624648,0.5142857142857142,0.08823529411764706,0.10281321839963707,0.13779317669296742,0.8181818181818182
-0.15,,63,ECH,34.0,0.06922582861707657,0.08554759434538362,0.7647058823529411,0.6176470588235294,0.03976982687036648,0.04547146900569754,0.6470588235294118
-0.15,,63,EIDO,22.0,0.06103346836090569,0.05328518165317708,0.8181818181818182,0.42857142857142855,0.03976982687036648,0.04547146900569754,0.6470588235294118
-0.15,,63,EPU,27.0,0.07602995426338957,0.0720290423192449,0.7407407407407407,0.5,0.03976982687036648,0.04547146900569754,0.6470588235294118
-0.15,,63,EWW,34.0,0.06485390803013502,0.07948962336923704,0.8235294117647058,0.6764705882352942,0.03976982687036648,0.04547146900569754,0.6470588235294118
-0.15,,63,EWZ,34.0,0.08542695416496938,0.09941504556188141,0.6764705882352942,0.5,0.03976982687036648,0.04547146900569754,0.6470588235294118
-0.15,,63,INDA,12.0,0.02638143351969831,0.02321561837251429,0.6666666666666666,0.45454545454545453,0.03976982687036648,0.04547146900569754,0.6470588235294118
-0.15,,63,KSA,11.0,0.040175833449898286,0.04352048416712706,0.6363636363636364,0.5,0.03976982687036648,0.04547146900569754,0.6470588235294118
-0.15,,63,QAT,11.0,0.0245075044937885,0.0010272196386635901,0.6363636363636364,0.2,0.03976982687036648,0.04547146900569754,0.6470588235294118
-0.15,,63,UAE,11.0,0.029410910716013358,0.001969812845566077,0.5454545454545454,0.2,0.03976982687036648,0.04547146900569754,0.6470588235294118
-0.15,,63,VNM,26.0,0.006605586765583508,-0.019029717468965368,0.4230769230769231,0.24,0.03976982687036648,0.04547146900569754,0.6470588235294118
-0.15,,126,ECH,34.0,0.09385691471215524,0.08203930631785061,0.7352941176470589,0.5,0.06144625949174939,0.055339689691273675,0.6764705882352942
-0.15,,126,EIDO,22.0,0.07823972702007925,0.0486959946533323,0.7272727272727273,0.38095238095238093,0.06144625949174939,0.055339689691273675,0.6764705882352942
-0.15,,126,EPU,27.0,0.14414121797650867,0.08548248851193652,0.8518518518518519,0.5769230769230769,0.06144625949174939,0.055339689691273675,0.6764705882352942
-0.15,,126,EWW,34.0,0.10951737519673559,0.12142144759004914,0.7647058823529411,0.6176470588235294,0.06144625949174939,0.055339689691273675,0.6764705882352942
-0.15,,126,EWZ,34.0,0.10202618612962962,0.08901472517012943,0.6470588235294118,0.47058823529411764,0.06144625949174939,0.055339689691273675,0.6764705882352942
-0.15,,126,INDA,12.0,0.06112894080456313,0.052920146020974945,0.75,0.45454545454545453,0.06144625949174939,0.055339689691273675,0.6764705882352942
-0.15,,126,KSA,11.0,0.04967925077789157,0.055921662217389034,0.6363636363636364,0.2,0.06144625949174939,0.055339689691273675,0.6764705882352942
-0.15,,126,QAT,11.0,0.029080950145133386,0.021868540660192393,0.5454545454545454,0.1,0.06144625949174939,0.055339689691273675,0.6764705882352942
-0.15,,126,UAE,11.0,0.02321466554908719,0.009895666528426217,0.5454545454545454,0.1,0.06144625949174939,0.055339689691273675,0.6764705882352942
-0.15,,126,VNM,26.0,0.0009199234707365201,-0.024187676096909028,0.4230769230769231,0.2,0.06144625949174939,0.055339689691273675,0.6764705882352942
-0.15,,252,ECH,33.0,0.16557970974451122,0.059258402940149724,0.6666666666666666,0.5151515151515151,0.12353331433805138,0.1293950884537527,0.8484848484848485
-0.15,,252,EIDO,21.0,0.11094355433661665,0.05183020537040872,0.7619047619047619,0.25,0.12353331433805138,0.1293950884537527,0.8484848484848485
-0.15,,252,EPU,26.0,0.21066479884856681,0.2836776092921982,0.8461538461538461,0.56,0.12353331433805138,0.1293950884537527,0.8484848484848485
-0.15,,252,EWW,33.0,0.2059924891424617,0.2299882955628727,0.7878787878787878,0.6060606060606061,0.12353331433805138,0.1293950884537527,0.8484848484848485
-0.15,,252,EWZ,33.0,0.16275678937973045,0.07044641035188959,0.6666666666666666,0.42424242424242425,0.12353331433805138,0.1293950884537527,0.8484848484848485
-0.15,,252,INDA,11.0,0.18327073236190347,0.10638583153772574,1.0,0.4,0.12353331433805138,0.1293950884537527,0.8484848484848485
-0.15,,252,KSA,10.0,0.13141506603391084,0.08725016833668753,0.7,0.2222222222222222,0.12353331433805138,0.1293950884537527,0.8484848484848485
-0.15,,252,QAT,10.0,0.006296039720229518,-0.029818484549499702,0.3,0.0,0.12353331433805138,0.1293950884537527,0.8484848484848485
-0.15,,252,UAE,10.0,0.0637446367567903,0.010699965054160487,0.6,0.1111111111111111,0.12353331433805138,0.1293950884537527,0.8484848484848485
-0.15,,252,VNM,25.0,-0.02106295899061885,-0.056793199905057046,0.4,0.08333333333333333,0.12353331433805138,0.1293950884537527,0.8484848484848485
-0.2,,63,ECH,22.0,0.058374356542854854,0.07635816456084576,0.7727272727272727,0.5454545454545454,0.02927198162204023,0.051345868480964785,0.7727272727272727
-0.2,,63,EIDO,12.0,0.04780783155844246,0.05044397372306719,0.6666666666666666,0.36363636363636365,0.02927198162204023,0.051345868480964785,0.7727272727272727
-0.2,,63,EPU,17.0,0.08697339769573523,0.09944456867717522,0.7058823529411765,0.625,0.02927198162204023,0.051345868480964785,0.7727272727272727
-0.2,,63,EWW,22.0,0.03828895933481432,0.08674288371350902,0.6363636363636364,0.6818181818181818,0.02927198162204023,0.051345868480964785,0.7727272727272727
-0.2,,63,EWZ,22.0,0.043652805062662,0.0646019051477219,0.6363636363636364,0.45454545454545453,0.02927198162204023,0.051345868480964785,0.7727272727272727
-0.2,,63,INDA,5.0,-0.019472380858918715,-0.009317550492482951,0.4,0.25,0.02927198162204023,0.051345868480964785,0.7727272727272727
-0.2,,63,KSA,5.0,0.023504292979817175,-0.0002311659152233192,0.4,0.25,0.02927198162204023,0.051345868480964785,0.7727272727272727
-0.2,,63,QAT,5.0,0.016974064394840126,4.079712845150851e-05,0.6,0.25,0.02927198162204023,0.051345868480964785,0.7727272727272727
-0.2,,63,UAE,5.0,-0.013479380303300292,-0.03251022686669891,0.2,0.0,0.02927198162204023,0.051345868480964785,0.7727272727272727
-0.2,,63,VNM,16.0,-0.0019889891361840883,-0.014560937821452014,0.3125,0.2,0.02927198162204023,0.051345868480964785,0.7727272727272727
-0.2,,126,ECH,22.0,0.14268358060957567,0.11704575605248568,0.8636363636363636,0.5909090909090909,0.07732979433033775,0.08682680171098589,0.8181818181818182
-0.2,,126,EIDO,12.0,0.0736936735017826,0.03973491758804515,0.75,0.18181818181818182,0.07732979433033775,0.08682680171098589,0.8181818181818182
-0.2,,126,EPU,17.0,0.15781865042389884,0.1620070479851754,0.8235294117647058,0.625,0.07732979433033775,0.08682680171098589,0.8181818181818182
-0.2,,126,EWW,22.0,0.12398979972477943,0.18420614329483842,0.7727272727272727,0.7272727272727273,0.07732979433033775,0.08682680171098589,0.8181818181818182
-0.2,,126,EWZ,22.0,0.11665937022770091,0.08045461316468006,0.7727272727272727,0.5,0.07732979433033775,0.08682680171098589,0.8181818181818182
-0.2,,126,INDA,5.0,0.03246110329682554,0.012264344314241837,0.6,0.5,0.07732979433033775,0.08682680171098589,0.8181818181818182
-0.2,,126,KSA,5.0,0.03211988100686747,-0.07151080813854216,0.4,0.25,0.07732979433033775,0.08682680171098589,0.8181818181818182
-0.2,,126,QAT,5.0,0.021385189052778773,-0.025742779596740317,0.4,0.0,0.07732979433033775,0.08682680171098589,0.8181818181818182
-0.2,,126,UAE,5.0,-0.01945251350219388,-0.051419607267038314,0.2,0.0,0.07732979433033775,0.08682680171098589,0.8181818181818182
-0.2,,126,VNM,16.0,0.011642256356145339,0.00211194246207258,0.5625,0.13333333333333333,0.07732979433033775,0.08682680171098589,0.8181818181818182
-0.2,,252,ECH,22.0,0.25865628575019345,0.205261887555782,0.8636363636363636,0.5454545454545454,0.15762848911548336,0.15792266290865298,0.8636363636363636
-0.2,,252,EIDO,12.0,0.13866139729565588,0.06847245239127253,0.5833333333333334,0.18181818181818182,0.15762848911548336,0.15792266290865298,0.8636363636363636
-0.2,,252,EPU,17.0,0.24216954431852145,0.277703368922968,0.8823529411764706,0.625,0.15762848911548336,0.15792266290865298,0.8636363636363636
-0.2,,252,EWW,22.0,0.27330881796212575,0.28643783812168055,0.8181818181818182,0.7727272727272727,0.15762848911548336,0.15792266290865298,0.8636363636363636
-0.2,,252,EWZ,22.0,0.2208375506309978,0.13876591252622594,0.6818181818181818,0.36363636363636365,0.15762848911548336,0.15792266290865298,0.8636363636363636
-0.2,,252,INDA,5.0,0.19304719145264806,0.08481749166386465,1.0,0.25,0.15762848911548336,0.15792266290865298,0.8636363636363636
-0.2,,252,KSA,5.0,0.12141415558850333,-0.011710232600603887,0.4,0.25,0.15762848911548336,0.15792266290865298,0.8636363636363636
-0.2,,252,QAT,5.0,0.020484605649762823,-0.037341144157102546,0.2,0.0,0.15762848911548336,0.15792266290865298,0.8636363636363636
-0.2,,252,UAE,5.0,0.052239536904826724,-0.021057254314170937,0.4,0.0,0.15762848911548336,0.15792266290865298,0.8636363636363636
-0.2,,252,VNM,16.0,-0.04522573659360306,-0.0735103329883875,0.3125,0.06666666666666667,0.15762848911548336,0.15792266290865298,0.8636363636363636
-0.25,,63,ECH,16.0,0.12047662377671095,0.14194220711517735,0.875,0.5625,0.06106562632541976,0.08065708712345254,0.8125
-0.25,,63,EIDO,7.0,0.09031242029481334,0.06123677878880551,0.8571428571428571,0.3333333333333333,0.06106562632541976,0.08065708712345254,0.8125
-0.25,,63,EPU,12.0,0.15779349399143813,0.1674297924510455,0.9166666666666666,0.5454545454545454,0.06106562632541976,0.08065708712345254,0.8125
-0.25,,63,EWW,16.0,0.08239478499627018,0.11766103204402989,0.8125,0.5625,0.06106562632541976,0.08065708712345254,0.8125
-0.25,,63,EWZ,16.0,0.11059791846282005,0.1273888748252221,0.8125,0.5625,0.06106562632541976,0.08065708712345254,0.8125
-0.25,,63,INDA,3.0,-0.023884091063004192,0.023541078345812094,0.6666666666666666,0.0,0.06106562632541976,0.08065708712345254,0.8125
-0.25,,63,KSA,3.0,0.04013406745975027,-0.06992056922750423,0.3333333333333333,0.5,0.06106562632541976,0.08065708712345254,0.8125
-0.25,,63,QAT,3.0,0.033784074895235716,4.079712845150851e-05,0.6666666666666666,0.5,0.06106562632541976,0.08065708712345254,0.8125
-0.25,,63,UAE,3.0,0.009502880486927934,-0.015020194732598302,0.3333333333333333,0.0,0.06106562632541976,0.08065708712345254,0.8125
-0.25,,63,VNM,11.0,0.051833991522692566,0.034373749417152766,0.6363636363636364,0.5,0.06106562632541976,0.08065708712345254,0.8125
-0.25,,126,ECH,16.0,0.21059947685581873,0.18341931550715573,0.9375,0.6875,0.12251889062667967,0.13488725772280685,0.875
-0.25,,126,EIDO,7.0,0.11374399116114857,0.04605627744094898,0.8571428571428571,0.0,0.12251889062667967,0.13488725772280685,0.875
-0.25,,126,EPU,12.0,0.23085369085376847,0.24106278904156342,0.9166666666666666,0.7272727272727273,0.12251889062667967,0.13488725772280685,0.875
-0.25,,126,EWW,16.0,0.19145868166953003,0.21411968180560081,0.8125,0.75,0.12251889062667967,0.13488725772280685,0.875
-0.25,,126,EWZ,16.0,0.2133499291255181,0.18527740375386992,0.75,0.6875,0.12251889062667967,0.13488725772280685,0.875
-0.25,,126,INDA,3.0,0.043136038100148766,-0.0316330378808225,0.3333333333333333,0.5,0.12251889062667967,0.13488725772280685,0.875
-0.25,,126,KSA,3.0,0.07630885844520785,-0.02356462001405646,0.3333333333333333,0.5,0.12251889062667967,0.13488725772280685,0.875
-0.25,,126,QAT,3.0,0.0845160174652791,0.059509016046791485,0.6666666666666666,0.0,0.12251889062667967,0.13488725772280685,0.875
-0.25,,126,UAE,3.0,0.014614866471005331,-0.052954785915471425,0.3333333333333333,0.0,0.12251889062667967,0.13488725772280685,0.875
-0.25,,126,VNM,11.0,0.035704024228910676,-0.004327726949616917,0.45454545454545453,0.1,0.12251889062667967,0.13488725772280685,0.875
-0.25,,252,ECH,16.0,0.3707860029982103,0.3432873858428789,0.9375,0.6875,0.21776666707493503,0.19212635416129986,0.9375
-0.25,,252,EIDO,7.0,0.22194145186667197,0.22767873249074788,0.8571428571428571,0.3333333333333333,0.21776666707493503,0.19212635416129986,0.9375
-0.25,,252,EPU,12.0,0.32412678547857937,0.2940075330355495,1.0,0.6363636363636364,0.21776666707493503,0.19212635416129986,0.9375
-0.25,,252,EWW,16.0,0.35847003200164584,0.31137447184572975,1.0,0.875,0.21776666707493503,0.19212635416129986,0.9375
-0.25,,252,EWZ,16.0,0.3321281963768304,0.1829735078143685,0.8125,0.375,0.21776666707493503,0.19212635416129986,0.9375
-0.25,,252,INDA,3.0,0.268414175113676,0.07977831385807432,1.0,0.5,0.21776666707493503,0.19212635416129986,0.9375
-0.25,,252,KSA,3.0,0.15893126010581962,-0.035592435473668305,0.3333333333333333,0.5,0.21776666707493503,0.19212635416129986,0.9375
-0.25,,252,QAT,3.0,0.08512076364917039,-0.027464947083515323,0.3333333333333333,0.0,0.21776666707493503,0.19212635416129986,0.9375
-0.25,,252,UAE,3.0,0.13202383151806255,0.05444093213941992,0.6666666666666666,0.0,0.21776666707493503,0.19212635416129986,0.9375
-0.25,,252,VNM,11.0,0.019085263633215964,-0.020386910517044998,0.45454545454545453,0.1,0.21776666707493503,0.19212635416129986,0.9375
-0.3,,63,ECH,11.0,0.14784706304436013,0.1741416958701263,0.8181818181818182,0.8181818181818182,0.05338516397416318,0.04928208899975495,0.8181818181818182
-0.3,,63,EIDO,4.0,0.24857936025269844,0.19029872750970878,1.0,1.0,0.05338516397416318,0.04928208899975495,0.8181818181818182
-0.3,,63,EPU,7.0,0.19264613932855643,0.17772115215115547,0.8571428571428571,0.5,0.05338516397416318,0.04928208899975495,0.8181818181818182
-0.3,,63,EWW,11.0,0.08576342115253123,0.10502837841527102,0.8181818181818182,0.7272727272727273,0.05338516397416318,0.04928208899975495,0.8181818181818182
-0.3,,63,EWZ,11.0,0.1562390865465199,0.1363178717024518,0.8181818181818182,0.8181818181818182,0.05338516397416318,0.04928208899975495,0.8181818181818182
-0.3,,63,INDA,2.0,0.04217795729282936,0.04217795729282936,0.5,0.0,0.05338516397416318,0.04928208899975495,0.8181818181818182
-0.3,,63,KSA,2.0,0.08619964753107923,0.08619964753107923,0.5,0.0,0.05338516397416318,0.04928208899975495,0.8181818181818182
-0.3,,63,QAT,2.0,0.052649117210212704,0.052649117210212704,1.0,0.0,0.05338516397416318,0.04928208899975495,0.8181818181818182
-0.3,,63,UAE,2.0,0.05712798713781653,0.05712798713781653,0.5,0.0,0.05338516397416318,0.04928208899975495,0.8181818181818182
-0.3,,63,VNM,7.0,0.04931571781025309,0.07148342793023166,0.7142857142857143,0.3333333333333333,0.05338516397416318,0.04928208899975495,0.8181818181818182
-0.3,,126,ECH,11.0,0.27164341829124433,0.2674052465572716,1.0,0.9090909090909091,0.12345076976622739,0.12225820551042688,0.9090909090909091
-0.3,,126,EIDO,4.0,0.29874748909374277,0.3913791509844825,0.75,0.3333333333333333,0.12345076976622739,0.12225820551042688,0.9090909090909091
-0.3,,126,EPU,7.0,0.27295450778170793,0.3124307071754828,1.0,0.6666666666666666,0.12345076976622739,0.12225820551042688,0.9090909090909091
-0.3,,126,EWW,11.0,0.2179369977984094,0.2236741679359977,0.9090909090909091,0.9090909090909091,0.12345076976622739,0.12225820551042688,0.9090909090909091
-0.3,,126,EWZ,11.0,0.3131308178075368,0.28630539021191037,1.0,0.7272727272727273,0.12345076976622739,0.12225820551042688,0.9090909090909091
-0.3,,126,INDA,2.0,0.15222417458417187,0.15222417458417187,0.5,1.0,0.12345076976622739,0.12225820551042688,0.9090909090909091
-0.3,,126,KSA,2.0,0.125855180057596,0.125855180057596,0.5,0.0,0.12345076976622739,0.12225820551042688,0.9090909090909091
-0.3,,126,QAT,2.0,0.13914154614720042,0.13914154614720042,1.0,0.0,0.12345076976622739,0.12225820551042688,0.9090909090909091
-0.3,,126,UAE,2.0,0.06894893112856726,0.06894893112856726,0.5,0.0,0.12345076976622739,0.12225820551042688,0.9090909090909091
-0.3,,126,VNM,7.0,0.05585100077304699,0.034174507152011424,0.8571428571428571,0.16666666666666666,0.12345076976622739,0.12225820551042688,0.9090909090909091
-0.3,,252,ECH,11.0,0.4967691373101037,0.498379333345764,1.0,0.9090909090909091,0.23574242921068264,0.20732474758540698,0.9090909090909091
-0.3,,252,EIDO,4.0,0.5348204255481321,0.4889187024095717,1.0,1.0,0.23574242921068264,0.20732474758540698,0.9090909090909091
-0.3,,252,EPU,7.0,0.43259318103805017,0.42834171002493027,1.0,0.8333333333333334,0.23574242921068264,0.20732474758540698,0.9090909090909091
-0.3,,252,EWW,11.0,0.41003785631210454,0.3399703789405706,1.0,0.8181818181818182,0.23574242921068264,0.20732474758540698,0.9090909090909091
-0.3,,252,EWZ,11.0,0.4806032671007119,0.27499332987569414,1.0,0.7272727272727273,0.23574242921068264,0.20732474758540698,0.9090909090909091
-0.3,,252,INDA,2.0,0.43152365989599895,0.43152365989599895,1.0,1.0,0.23574242921068264,0.20732474758540698,0.9090909090909091
-0.3,,252,KSA,2.0,0.22651633544887284,0.22651633544887284,0.5,0.0,0.23574242921068264,0.20732474758540698,0.9090909090909091
-0.3,,252,QAT,2.0,0.11264811616411452,0.11264811616411452,0.5,0.0,0.23574242921068264,0.20732474758540698,0.9090909090909091
-0.3,,252,UAE,2.0,0.19425231310455737,0.19425231310455737,0.5,0.0,0.23574242921068264,0.20732474758540698,0.9090909090909091
-0.3,,252,VNM,7.0,0.03330491797812396,-0.06185745881983373,0.2857142857142857,0.16666666666666666,0.23574242921068264,0.20732474758540698,0.9090909090909091
